-8.734994913846527709e-01,4.102382388898178078e-01,0.000000000000000000e+00
-1.043654233415321819e+00,4.299329914522198592e-01,0.000000000000000000e+00
4.257635852439731750e-01,3.408133057699025414e-02,0.000000000000000000e+00
-2.113591278109898219e+00,3.073464581986764088e+00,0.000000000000000000e+00
-1.110919951181261744e+00,-1.128036211652861720e+00,0.000000000000000000e+00
1.898949510111855865e+00,-1.359063557732727467e+00,0.000000000000000000e+00
4.523718427476470794e-01,1.487578753394285691e+00,1.000000000000000000e+00
1.989099528897355640e-01,-2.645286830329967032e-01,0.000000000000000000e+00
-3.957805328075080453e+00,-3.064135402921768225e-01,0.000000000000000000e+00
-3.071970522826142691e+00,-1.364543376540602759e+00,0.000000000000000000e+00
2.076943068191788200e+00,-9.507850582078107848e-01,1.000000000000000000e+00
-3.965701741567535521e-01,6.388700094441208677e-01,0.000000000000000000e+00
-1.747472969068684101e+00,3.777918172078650549e+00,1.000000000000000000e+00
3.614080036854389277e+00,-1.419663747936421583e+00,1.000000000000000000e+00
-3.731512584411627031e-01,-5.034487602945003637e-02,0.000000000000000000e+00
1.611043425804703944e+00,1.414142498145076754e+00,1.000000000000000000e+00
-1.808746732334535423e+00,-3.112474365859940750e-01,0.000000000000000000e+00
-2.303477768856073027e+00,2.588149486219826656e+00,0.000000000000000000e+00
9.028898287381048604e-01,2.342798035478290686e-01,1.000000000000000000e+00
6.211219696982084315e-02,5.912168612495705133e-02,0.000000000000000000e+00
-9.457979046181739236e-01,-1.871984487067845926e-01,0.000000000000000000e+00
-1.638263217292197815e+00,3.554909684384028878e+00,1.000000000000000000e+00
1.036548502597391952e+00,2.855966401253963838e+00,1.000000000000000000e+00
1.897312766700895992e+00,-4.867045799843805476e-02,1.000000000000000000e+00
-1.556489092489882431e+00,-9.025453797568612213e-01,0.000000000000000000e+00
-2.298463874294820464e+00,1.469509909691659288e+00,0.000000000000000000e+00
-3.424036319883720481e+00,3.567122111142234431e+00,0.000000000000000000e+00
1.670665780240168097e+00,-1.376651124278299498e+00,0.000000000000000000e+00
1.014500320095113040e-02,1.092759487795831319e+00,1.000000000000000000e+00
3.342237365027765250e+00,-2.363224797634264629e-01,1.000000000000000000e+00
1.740319869000749087e+00,8.477641083727851523e-01,1.000000000000000000e+00
2.812744585568302647e+00,1.047409165487233285e+00,1.000000000000000000e+00
3.775736627679431301e+00,7.848663941864320037e-01,1.000000000000000000e+00
-2.331964516547060384e-01,3.586359964506915077e+00,1.000000000000000000e+00
-1.915606593545005509e+00,1.826935282665782090e+00,0.000000000000000000e+00
2.202305070773356910e+00,2.307538029262891754e+00,1.000000000000000000e+00
-1.349295516885677948e+00,1.105457117564526470e+00,0.000000000000000000e+00
9.781100661185693212e-01,3.123980312970916273e+00,1.000000000000000000e+00
-1.979332044117921185e+00,2.336213985179009356e+00,0.000000000000000000e+00
-3.151749101697720157e+00,1.428483062226331146e+00,0.000000000000000000e+00
3.359090228031200276e+00,-9.687805824667896637e-01,1.000000000000000000e+00
-2.639532140656120518e+00,3.308861647308185994e+00,0.000000000000000000e+00
-3.312062675531479705e+00,1.206555323808242264e+00,0.000000000000000000e+00
-2.001145413471670409e+00,3.533186582997448255e+00,1.000000000000000000e+00
-9.268856407167707090e-01,3.371996947560083946e+00,1.000000000000000000e+00
-5.026307529250884087e-01,-3.479819041122538259e-01,0.000000000000000000e+00
-2.105550290314785578e+00,1.987453001410599995e+00,0.000000000000000000e+00
-1.020639781273109392e-01,3.229678280228901244e+00,1.000000000000000000e+00
-1.107167391858143723e+00,-1.093673769274090546e-01,0.000000000000000000e+00
-1.052708530405886300e+00,-9.415782715206981734e-01,0.000000000000000000e+00
-1.063982990611108903e+00,6.616856292768682479e-01,0.000000000000000000e+00
-3.034421482422576588e+00,1.773002784994908154e+00,0.000000000000000000e+00
1.379349833876220011e+00,1.412396323581634139e+00,1.000000000000000000e+00
1.186105735399456407e+00,2.750482966621523140e+00,1.000000000000000000e+00
-3.958756608454944370e+00,1.118744972028841822e+00,0.000000000000000000e+00
-2.018202216621992839e+00,1.679518152099568340e-01,0.000000000000000000e+00
2.429030440531461110e-01,-1.603459677613079615e+00,0.000000000000000000e+00
3.414222702398961751e+00,2.281129547743931951e-01,1.000000000000000000e+00
-1.578163010606747463e+00,3.619513249567890334e+00,1.000000000000000000e+00
-2.653810113025150130e-01,-1.357327835511960901e+00,0.000000000000000000e+00
6.973768760963823254e-01,3.105476617176512910e+00,1.000000000000000000e+00
1.765522931846484234e+00,3.505586149594319245e+00,1.000000000000000000e+00
4.366635075267071286e-01,2.857992474818381368e+00,1.000000000000000000e+00
-3.674792700448588967e+00,-7.477676526228571596e-02,0.000000000000000000e+00
1.341395544745482837e-01,-1.435004127872456126e+00,0.000000000000000000e+00
-1.904765767943756849e+00,1.336483185162301801e+00,0.000000000000000000e+00
-3.198513087779171649e+00,-1.935833577497379610e+00,0.000000000000000000e+00
-2.031327125921320587e+00,1.335846867295247264e-01,0.000000000000000000e+00
-4.523991727932878959e-01,-6.913851597818492234e-01,0.000000000000000000e+00
7.352373626122119532e-01,3.228124742552004989e+00,1.000000000000000000e+00
3.321277419564778732e+00,1.433334705925172869e+00,1.000000000000000000e+00
3.671421654396380241e+00,3.534795767215171303e+00,1.000000000000000000e+00
-3.484917110953126951e+00,1.769623654711030447e+00,0.000000000000000000e+00
-1.146398642982502381e-01,3.662659243307109236e+00,1.000000000000000000e+00
-1.472508045408197574e+00,2.627889575811312994e+00,1.000000000000000000e+00
-1.842428917748587303e+00,2.593253246935279144e+00,0.000000000000000000e+00
-7.953631313064644104e-01,3.786307961519034038e+00,1.000000000000000000e+00
-3.629840153946895853e+00,2.483540351831485360e+00,0.000000000000000000e+00
4.071142736528265971e-01,3.245575308616458265e+00,1.000000000000000000e+00
-3.286182201539652681e+00,1.748588448140161233e+00,0.000000000000000000e+00
-3.637059680142976426e+00,3.039721760783944404e-01,0.000000000000000000e+00
-1.654882906420342081e+00,3.754609721573634928e+00,1.000000000000000000e+00
-2.208550676817115921e+00,3.540486219496410847e+00,1.000000000000000000e+00
1.301070037725919448e+00,1.972553665176364213e-01,1.000000000000000000e+00
2.772329293180149534e+00,-4.894037675757312300e-01,1.000000000000000000e+00
3.279918626362224643e+00,2.562935973400962908e+00,1.000000000000000000e+00
-6.280559013605113705e-02,1.586986831707985601e+00,1.000000000000000000e+00
1.289531106582235687e+00,3.929441783755673434e+00,1.000000000000000000e+00
2.795066754553095834e+00,-9.456908696244905599e-01,1.000000000000000000e+00
-7.305117372253873143e-01,3.036006205138297886e+00,1.000000000000000000e+00
2.648367963547612725e+00,-1.969182249686227237e+00,0.000000000000000000e+00
3.841442819002147679e+00,-1.872184507891234917e+00,1.000000000000000000e+00
-1.671008353337140484e+00,2.864822642397442110e-01,0.000000000000000000e+00
7.522689775226005793e-01,-9.656183417844019790e-01,0.000000000000000000e+00
-2.480750484931027344e+00,-6.398530981406116425e-01,0.000000000000000000e+00
-1.600456070622878535e+00,2.281875042818768407e-01,0.000000000000000000e+00
1.563662739486826325e+00,-1.066846515545393004e+00,0.000000000000000000e+00
-1.583740985958302261e+00,-6.236866271099776871e-01,0.000000000000000000e+00
-1.489929117417934989e+00,-1.041803765936804682e+00,0.000000000000000000e+00
1.388273036085027279e+00,2.364237153669797031e+00,1.000000000000000000e+00
1.324052515949205144e+00,-6.835326316630421228e-01,0.000000000000000000e+00
1.939242751908460072e+00,-6.194948584362067745e-01,1.000000000000000000e+00
2.785346881259758156e+00,1.396303669036085715e+00,1.000000000000000000e+00
-1.443876835549438908e+00,2.586187111585695142e+00,1.000000000000000000e+00
-3.904493132474486039e+00,-1.887164283881159976e+00,0.000000000000000000e+00
7.436443989723162673e-01,-1.121511140619904090e+00,0.000000000000000000e+00
2.408898588015887299e+00,1.054328982963793848e+00,1.000000000000000000e+00
-2.479793769731572617e+00,-1.644916041745521085e+00,0.000000000000000000e+00
-3.225728913028698130e+00,3.198262570508951796e+00,0.000000000000000000e+00
-2.552260153985066893e+00,-9.338048694298162200e-01,0.000000000000000000e+00
-3.015120767905552057e+00,5.077758290443932232e-01,0.000000000000000000e+00
3.879122995677762198e+00,2.168974255428754105e+00,1.000000000000000000e+00
3.844125762986524641e+00,7.672367578735426186e-01,1.000000000000000000e+00
-3.508125131189474111e+00,1.574883639008364256e-01,0.000000000000000000e+00
1.741713870522294982e+00,-1.553941693812788127e-01,1.000000000000000000e+00
1.701493662404107710e+00,3.781517104972699883e+00,1.000000000000000000e+00
2.578129300710792826e+00,2.756895441154113335e+00,1.000000000000000000e+00
2.810456661884265905e+00,-6.693145465278189654e-01,1.000000000000000000e+00
-1.988540529440101956e+00,3.574066885242553226e+00,1.000000000000000000e+00
1.640680798943047414e+00,-1.778580261093709591e-01,1.000000000000000000e+00
1.492700087431713563e+00,3.521234993645327549e+00,1.000000000000000000e+00
3.886894393048544671e+00,2.120245540551871422e+00,1.000000000000000000e+00
-1.570544185423429440e+00,2.549382102772419501e+00,0.000000000000000000e+00
1.472014670516752055e+00,1.186804906438348350e+00,1.000000000000000000e+00
1.747543570801143531e+00,2.506956586809117482e+00,1.000000000000000000e+00
-1.810743878063225232e+00,-1.401919102685683871e+00,0.000000000000000000e+00
2.623462095290936880e+00,1.732120524961006769e+00,1.000000000000000000e+00
-7.096202221065421867e-01,6.763635403973058402e-01,0.000000000000000000e+00
6.481806345615304110e-01,-1.368018967087405668e+00,0.000000000000000000e+00
4.876143527578351566e-01,-1.831286169143190090e+00,0.000000000000000000e+00
3.609178017158115814e+00,1.077485605037370675e+00,1.000000000000000000e+00
-1.588716136785712330e+00,2.347676022907783100e+00,0.000000000000000000e+00
-1.152000615460259780e+00,3.914635436342029706e+00,1.000000000000000000e+00
3.092157505546793139e+00,-2.798721946162041618e-01,1.000000000000000000e+00
-2.914635931741909047e+00,1.983271504732257995e-01,0.000000000000000000e+00
2.904957878130725923e+00,-2.486748983319595485e-01,1.000000000000000000e+00
1.541460011760130477e+00,2.768514317183945472e+00,1.000000000000000000e+00
-1.108956881466848010e+00,8.720238667115376430e-01,0.000000000000000000e+00
2.125527008501660653e+00,2.283514448458136670e+00,1.000000000000000000e+00
2.237553462739141352e+00,-1.923418222422039747e+00,0.000000000000000000e+00
-3.686027503798246840e+00,-2.294235365591834608e-01,0.000000000000000000e+00
-2.231035612901184351e-01,-7.348175777478507253e-01,0.000000000000000000e+00
-5.522353663096817300e-01,-1.348284738088614487e+00,0.000000000000000000e+00
2.597108130383601221e+00,1.733996823596051229e-01,1.000000000000000000e+00
1.964781275183765885e+00,-1.647944283457559056e+00,0.000000000000000000e+00
-3.137524190961804571e+00,3.094303425809457941e+00,0.000000000000000000e+00
-1.151546480035027464e+00,-1.788794223885543211e+00,0.000000000000000000e+00
2.575179160644367471e-01,1.735762889010767918e+00,1.000000000000000000e+00
3.573431678191441918e+00,1.138688822572650139e+00,1.000000000000000000e+00
-3.495197541389793550e+00,-1.827735050613715106e+00,0.000000000000000000e+00
-3.240500670766184754e+00,-5.140799418598289705e-01,0.000000000000000000e+00
8.574752327022485687e-01,1.177829339010066256e+00,1.000000000000000000e+00
-1.846938752027202924e-01,3.106747090003167067e+00,1.000000000000000000e+00
1.272853172584592407e+00,3.001754559841423919e+00,1.000000000000000000e+00
3.697884275134781795e+00,1.381061020941559025e+00,1.000000000000000000e+00
-1.217717478293481648e+00,-1.806990767672327580e+00,0.000000000000000000e+00
-3.890898066917964471e+00,1.950052795537970951e-02,0.000000000000000000e+00
2.449440611924376121e+00,2.067333135685863077e+00,1.000000000000000000e+00
-1.270995910139785856e+00,3.117793774312195509e+00,1.000000000000000000e+00
-3.265685315482194540e+00,-6.299793645633262607e-01,0.000000000000000000e+00
-9.419191694178445928e-01,-9.889907894347302886e-01,0.000000000000000000e+00
-1.169514154715441734e+00,1.592768410977794424e+00,0.000000000000000000e+00
1.289783104284961013e+00,2.737094964700748534e+00,1.000000000000000000e+00
3.325712699992700472e+00,6.353992320214394418e-01,1.000000000000000000e+00
-1.980177008604835365e+00,3.719848751810785892e+00,1.000000000000000000e+00
3.265043432730612594e+00,2.241000987963732705e-01,1.000000000000000000e+00
-1.352193310099067070e+00,-4.684126475223622244e-01,0.000000000000000000e+00
3.759515994695880714e+00,-1.015733819846420527e+00,1.000000000000000000e+00
-7.923680211846813037e-01,-4.157485934301130559e-01,0.000000000000000000e+00
-2.713265781461100090e+00,-6.390328512498337776e-01,0.000000000000000000e+00
3.729486057206894856e+00,4.204256977941511764e-01,1.000000000000000000e+00
-2.179692038661635856e+00,-5.900350380334673517e-02,0.000000000000000000e+00
-1.557299477571892687e+00,-1.998288987799581307e+00,0.000000000000000000e+00
3.762172188627177505e+00,-1.269038731762368588e+00,1.000000000000000000e+00
-3.618691103176251644e+00,2.100481444775950557e+00,0.000000000000000000e+00
2.231308500124203675e+00,-4.865848291625951560e-01,1.000000000000000000e+00
2.511822348690027518e+00,3.336547013989600075e+00,1.000000000000000000e+00
-2.588424739313703427e+00,2.626667255964953540e+00,0.000000000000000000e+00
-3.125757755110276648e-01,-2.035382894194970316e-01,0.000000000000000000e+00
-2.683477689074027062e+00,2.876056917722239703e+00,0.000000000000000000e+00
2.046751534714009502e+00,2.964752230074985562e+00,1.000000000000000000e+00
5.029545448854308987e-01,2.887493619841471570e+00,1.000000000000000000e+00
5.542358148936221696e-01,1.563836236565515403e+00,1.000000000000000000e+00
3.596372576426504430e+00,1.568972949856197729e-01,1.000000000000000000e+00
-2.912666326366457170e+00,3.786452494579049421e+00,0.000000000000000000e+00
-2.945941842695550150e+00,3.495946916559942608e+00,0.000000000000000000e+00
-8.965831721497306006e-01,-1.465806531746084218e+00,0.000000000000000000e+00
-3.235029606739526997e+00,2.564058693939199607e+00,0.000000000000000000e+00
2.783025334693141062e+00,-1.773843714423922302e+00,1.000000000000000000e+00
3.381865112276673635e+00,1.225911484024506670e+00,1.000000000000000000e+00
-1.373578164329326334e+00,-8.590419429677920160e-01,0.000000000000000000e+00
-2.473451568062916550e+00,-8.751508328301977890e-01,0.000000000000000000e+00
3.940097652842916354e+00,1.346512187920743564e+00,1.000000000000000000e+00
-1.570417672435730161e+00,2.829407382097597790e+00,1.000000000000000000e+00
-3.670649810161457083e-01,-1.859496954833913529e+00,0.000000000000000000e+00
-3.443658939761621518e+00,-2.689452932431035670e-02,0.000000000000000000e+00
-1.488302705990527386e-01,1.992828079614433534e+00,1.000000000000000000e+00
-2.556399881356255399e+00,1.499141186447687346e+00,0.000000000000000000e+00
2.355103215136860051e+00,-2.093957542225644008e-01,1.000000000000000000e+00
2.662311907565260150e+00,-4.796513631867480587e-01,1.000000000000000000e+00
1.338800691731607984e+00,-4.205042259704616647e-01,0.000000000000000000e+00
-2.046377577932099179e+00,-4.969013340913224219e-01,0.000000000000000000e+00
3.952472584080810591e+00,-7.500291705964841071e-01,1.000000000000000000e+00
-2.337742819708472197e+00,-6.784691023248385910e-01,0.000000000000000000e+00
-2.693992396363296571e+00,7.137576318005258713e-01,0.000000000000000000e+00
-6.805234950211582756e-01,-1.114231568555585250e+00,0.000000000000000000e+00
3.204882802149747079e+00,9.487862587931639169e-02,1.000000000000000000e+00
2.957659076861441250e+00,3.821874102013171459e+00,1.000000000000000000e+00
-9.661337069262048161e-01,2.147937369887221060e+00,1.000000000000000000e+00
3.036802121644871733e+00,2.329081082509279810e+00,1.000000000000000000e+00
-3.980322109078891835e+00,2.296667035706962068e+00,0.000000000000000000e+00
-2.241934872954605140e+00,2.940610397410277521e+00,0.000000000000000000e+00
-2.815017148632708910e+00,-4.474789140988673086e-01,0.000000000000000000e+00
-2.409188029822236565e+00,-1.288266620879664037e+00,0.000000000000000000e+00
-3.588159057838059773e+00,2.447635884676250484e+00,0.000000000000000000e+00
6.470332264586913240e-01,2.637576439661980743e+00,1.000000000000000000e+00
6.894946472939729176e-01,3.301899552123122028e+00,1.000000000000000000e+00
-3.871048980486439639e+00,-1.476289988162587274e+00,0.000000000000000000e+00
-9.471910969367440813e-01,3.431267104732476980e+00,1.000000000000000000e+00
-1.915464298836268675e+00,2.801805481955986998e+00,0.000000000000000000e+00
3.036338044081699827e+00,3.899526411676585980e+00,1.000000000000000000e+00
-2.170827237417368494e+00,3.186336724522669250e+00,1.000000000000000000e+00
3.778942921676391897e+00,7.145700112844366458e-02,1.000000000000000000e+00
-3.080119175727181080e+00,-1.694757749789897794e+00,0.000000000000000000e+00
-2.187618112431065853e+00,2.321583479319138554e+00,0.000000000000000000e+00
-4.096596914739336626e-02,3.677133778566183508e+00,1.000000000000000000e+00
8.978200561546643144e-01,2.065961777774356634e-01,1.000000000000000000e+00
8.418304829885858709e-02,2.890474446627392169e+00,1.000000000000000000e+00
5.188393605915635476e-01,-3.603123770755178867e-02,0.000000000000000000e+00
-4.482886278015385528e-01,3.167577920723439355e+00,1.000000000000000000e+00
-2.545279040057266684e-01,-1.107440946553167160e+00,0.000000000000000000e+00
5.242709833605454506e-01,2.747476486922311167e-01,0.000000000000000000e+00
-3.882586092727573934e+00,-1.126981003729921937e+00,0.000000000000000000e+00
7.690817758503403212e-01,3.423913642521964285e+00,1.000000000000000000e+00
1.262715443085771660e+00,4.003354529075773272e-01,1.000000000000000000e+00
-1.863416030177378779e+00,3.603514283822649489e+00,1.000000000000000000e+00
3.288596448175591824e+00,1.960993183235433257e-01,1.000000000000000000e+00
-2.173098298156306285e+00,1.174492122666573213e+00,0.000000000000000000e+00
-1.334769303030992837e+00,-1.442589655384621805e+00,0.000000000000000000e+00
-3.822438557193383879e+00,2.678734632504829349e+00,0.000000000000000000e+00
-3.336238005407803797e+00,-1.273956834858633425e+00,0.000000000000000000e+00
-2.549825518282909265e+00,-5.065795336296401441e-01,0.000000000000000000e+00
-3.345275802112174013e+00,7.618081703280488171e-02,0.000000000000000000e+00
2.418530162899808822e+00,3.586933137002608518e+00,1.000000000000000000e+00
-7.670632468162779105e-01,3.801335186730604221e+00,1.000000000000000000e+00
-3.218623483971349231e+00,2.897260586570299168e+00,0.000000000000000000e+00
-2.928162788321841070e+00,-5.986370400945300041e-01,0.000000000000000000e+00
-1.753280976164221627e+00,3.527056260110972730e+00,1.000000000000000000e+00
-1.912215144383583088e+00,1.947702759519115645e+00,0.000000000000000000e+00
-2.589173463269764497e+00,-6.632073031324534629e-01,0.000000000000000000e+00
-2.968410045246984375e+00,9.838336784941503765e-02,0.000000000000000000e+00
4.140252628717355776e-01,-7.369232129661544839e-01,0.000000000000000000e+00
-3.651631954735670149e+00,-8.643278705227814829e-01,0.000000000000000000e+00
9.713098921601392988e-02,1.031832106663609583e+00,1.000000000000000000e+00
-2.729352768580130650e+00,-9.914597851284636665e-01,0.000000000000000000e+00
-1.602861547057396585e+00,3.801079073346811832e+00,1.000000000000000000e+00
3.026833599035086309e+00,6.469383955265004538e-01,1.000000000000000000e+00
1.755288921420308235e+00,3.424577329151631488e+00,1.000000000000000000e+00
-3.331639410777897048e+00,-9.458141088054101697e-01,0.000000000000000000e+00
-2.800674155432130163e-01,-1.090040097770554883e+00,0.000000000000000000e+00
2.712094209973406223e+00,3.952863859794453205e-01,1.000000000000000000e+00
2.275767369349304126e+00,1.022104822579428252e+00,1.000000000000000000e+00
3.889642992247974718e+00,1.371773543363133729e+00,1.000000000000000000e+00
4.927382953249352937e-01,3.701656181319615158e+00,1.000000000000000000e+00
8.766664191335449274e-01,3.841942453542173119e-01,1.000000000000000000e+00
-1.932985062790196551e+00,-4.748600362533981212e-01,0.000000000000000000e+00
-3.631507347545722908e+00,-1.277670038035705335e-01,0.000000000000000000e+00
3.283794757187552094e+00,-7.421635368068930649e-01,1.000000000000000000e+00
-2.113785910126146916e-01,2.218097690474764683e+00,1.000000000000000000e+00
1.514105640053142743e+00,3.034035788463304684e+00,1.000000000000000000e+00
1.414629120762954884e+00,3.847790709696375266e+00,1.000000000000000000e+00
2.629988685401243309e+00,-2.548967237982378009e-01,1.000000000000000000e+00
-3.604762633472915923e+00,-3.452121730246073827e-01,0.000000000000000000e+00
1.873656220925221660e-01,-1.603333524239898500e+00,0.000000000000000000e+00
1.379151676027397855e+00,3.983458973811798920e+00,1.000000000000000000e+00
1.109732641729430647e+00,9.065619932108583967e-01,1.000000000000000000e+00
-2.542713102343177489e+00,3.578394134027870876e+00,1.000000000000000000e+00
3.702736618338056118e+00,1.898815971351922371e+00,1.000000000000000000e+00
2.807653521514650308e-01,1.164758036543311448e+00,1.000000000000000000e+00
5.018603919711912553e-01,-6.408998132814471838e-01,0.000000000000000000e+00
2.090209586815016785e+00,4.638267186332285519e-01,1.000000000000000000e+00
-6.534054978271655045e-01,-1.697656941431824329e-01,0.000000000000000000e+00
2.635575288537150840e-01,8.880073579201184231e-01,1.000000000000000000e+00
3.659259139399732241e+00,2.704874166244259470e+00,1.000000000000000000e+00
-4.782028652472085639e-01,1.506192224133778623e+00,1.000000000000000000e+00
-1.035209187959190480e+00,-1.224666399627727609e+00,0.000000000000000000e+00
3.014218532790653882e+00,-4.640039694752065014e-01,1.000000000000000000e+00
-3.113433057128079717e+00,4.156335156504646910e-01,0.000000000000000000e+00
1.369032639763335446e+00,2.509095840733532867e-02,1.000000000000000000e+00
1.150728205747070909e+00,2.389812122092826563e+00,1.000000000000000000e+00
-3.538215993994318076e+00,3.060166207154683349e+00,0.000000000000000000e+00
-3.113922466185925941e+00,-4.950579854039429684e-01,0.000000000000000000e+00
2.439838498513434040e+00,1.634812393907641770e+00,1.000000000000000000e+00
-2.526304508294667350e+00,-4.781053851966776680e-01,0.000000000000000000e+00
-2.178790988991510247e+00,-1.702368384677233060e-02,0.000000000000000000e+00
-2.857097313402363170e+00,3.704713147432848075e+00,0.000000000000000000e+00
5.149249756527209954e-01,3.321708781881407724e+00,1.000000000000000000e+00
2.283427818009000632e+00,-7.537711287328949794e-01,1.000000000000000000e+00
3.003987992721972589e-01,-3.622571335582369656e-02,0.000000000000000000e+00
2.354796211663904515e+00,-2.939811678327983735e-01,1.000000000000000000e+00
8.657741530750158176e-01,1.237051850829670396e+00,1.000000000000000000e+00
9.176000110471393967e-01,-4.174659978579737807e-01,0.000000000000000000e+00
2.592400039644136456e+00,2.085285740232190932e+00,1.000000000000000000e+00
-2.423098545086593170e+00,5.222530039660613355e-01,0.000000000000000000e+00
-2.394872078114560487e+00,3.937154326605138088e+00,1.000000000000000000e+00
-2.725849763341220644e+00,1.152505896209283343e+00,0.000000000000000000e+00
-8.824355476037588630e-01,-7.240631339989034299e-01,0.000000000000000000e+00
-3.130504750480305631e+00,3.647561393587690048e+00,0.000000000000000000e+00
3.992223414142591409e+00,-2.727468490502249487e-01,1.000000000000000000e+00
3.745635505877841887e+00,3.776856988084930755e+00,1.000000000000000000e+00
-3.561191657254712872e+00,3.953106529106096723e+00,0.000000000000000000e+00
-3.049157197264952934e+00,-1.665109576170923145e+00,0.000000000000000000e+00
-1.008182487669564864e+00,-9.768400353135704428e-01,0.000000000000000000e+00
2.226199343418762133e+00,1.404988225283223535e+00,1.000000000000000000e+00
4.901361931947079142e-01,2.698913269219358035e+00,1.000000000000000000e+00
3.107539069329911641e+00,1.355230524432466943e+00,1.000000000000000000e+00
6.730087786427478846e-01,2.584678666392913549e+00,1.000000000000000000e+00
3.397646515703551806e+00,3.507650945107140927e+00,1.000000000000000000e+00
1.052647849170955219e+00,9.550042566876526529e-01,1.000000000000000000e+00
2.279006293715005960e+00,2.711815886557553235e+00,1.000000000000000000e+00
2.169991524450426645e+00,3.504792299750147500e+00,1.000000000000000000e+00
-5.348811719370587525e-01,-6.268632037306658411e-01,0.000000000000000000e+00
-1.061854450698793251e+00,3.043880443032120020e+00,1.000000000000000000e+00
2.122088826245090765e+00,2.446368409488735907e+00,1.000000000000000000e+00
2.319067675295594988e+00,1.968670828989385502e+00,1.000000000000000000e+00
1.072813351052691822e+00,-1.483895166047848990e+00,0.000000000000000000e+00
-8.874791405121928989e-02,-1.743166781241959340e+00,0.000000000000000000e+00
-1.857595371095395187e+00,2.998662861799529900e+00,1.000000000000000000e+00
-1.883206685774900357e+00,2.838766886052329852e+00,0.000000000000000000e+00
-1.908693304588593875e+00,1.886640235491537254e+00,0.000000000000000000e+00
2.919968878751396879e+00,-9.329482828663306915e-01,1.000000000000000000e+00
-2.630720149011622766e-02,5.763751775304828406e-01,0.000000000000000000e+00
3.209602834859919263e+00,7.670031048152292641e-02,1.000000000000000000e+00
9.575818376790783404e-01,3.530439741479605154e+00,1.000000000000000000e+00
-2.591524627601621944e+00,2.427570402087639856e+00,0.000000000000000000e+00
-1.724258340858408012e+00,3.250958143822316515e+00,1.000000000000000000e+00
1.871395220579064045e-02,-1.180583930135545856e-01,0.000000000000000000e+00
2.420877111596857922e+00,-4.061143338004189474e-01,1.000000000000000000e+00
-2.202705030721666013e+00,2.706333667938776166e-01,0.000000000000000000e+00
1.106425853677919235e+00,-1.614212372529748585e+00,0.000000000000000000e+00
-1.272773517415668465e+00,-4.163005288342576105e-01,0.000000000000000000e+00
-1.892772487637615519e+00,1.475269672239519991e+00,0.000000000000000000e+00
-5.786054050827384998e-01,3.872578893460822513e+00,1.000000000000000000e+00
1.590504113561331145e+00,-1.450080272665390746e+00,0.000000000000000000e+00
-3.384593699797117772e+00,-1.150536937952633565e+00,0.000000000000000000e+00
2.127249158772558602e+00,1.592027263265226367e+00,1.000000000000000000e+00
-3.787120443628279709e+00,1.114664821566976105e+00,0.000000000000000000e+00
2.442602541752627587e+00,1.282982835837281677e+00,1.000000000000000000e+00
2.114047187613036449e+00,3.994069868045643013e+00,1.000000000000000000e+00
3.330047926985686857e+00,-5.133819610693546309e-01,1.000000000000000000e+00
2.957412190416031983e+00,2.952067247574365005e+00,1.000000000000000000e+00
-2.878771710556613961e+00,-1.201277816449874525e+00,0.000000000000000000e+00
3.875296319843593018e+00,1.527533207462509424e+00,1.000000000000000000e+00
-2.367953244491655340e+00,-4.623152147319751215e-01,0.000000000000000000e+00
2.156220651445792669e+00,1.343953148711777068e+00,1.000000000000000000e+00
1.062457562426732949e-01,3.505174036032954632e+00,1.000000000000000000e+00
1.165689040277279709e+00,3.436892519293309967e+00,1.000000000000000000e+00
-1.283391703827839514e+00,2.276334147181978906e+00,0.000000000000000000e+00
9.865870663703590893e-01,1.569920253854774295e+00,1.000000000000000000e+00
3.261478072884044899e+00,-1.787931485533822862e+00,1.000000000000000000e+00
-1.514619409457651500e-02,-2.219370249589933675e-01,0.000000000000000000e+00
-1.357901663540531878e+00,9.049064300978191255e-01,0.000000000000000000e+00
2.451117478610211897e+00,-7.550158529219690440e-01,1.000000000000000000e+00
-3.393159292899031065e+00,1.148291903815349180e+00,0.000000000000000000e+00
-3.777720551674559779e+00,1.701378734052025443e+00,0.000000000000000000e+00
-1.814369904435435998e+00,-3.133020500499577032e-01,0.000000000000000000e+00
-2.843793811983061914e+00,1.318654394159163079e+00,0.000000000000000000e+00
-1.539082901790307822e+00,3.449730419504097867e-01,0.000000000000000000e+00
-1.328788317168105415e+00,2.672450801202668202e-01,0.000000000000000000e+00
1.660940869148774368e+00,1.145120980875788952e+00,1.000000000000000000e+00
-3.800593351165423961e+00,-5.798460269963388036e-01,0.000000000000000000e+00
1.392693678765928311e-01,1.717035188460343420e+00,1.000000000000000000e+00
-2.886276691497673852e+00,-8.340807443043385394e-01,0.000000000000000000e+00
3.133957157959681439e-01,-1.941476418341196108e+00,0.000000000000000000e+00
3.001123447683787582e+00,1.980289495828939650e-01,1.000000000000000000e+00
-1.873144682930364624e+00,3.265489312190106297e+00,1.000000000000000000e+00
3.567716279336945462e-01,1.386725943388414262e+00,1.000000000000000000e+00
-7.224964776487903251e-01,-1.010431419534886910e+00,0.000000000000000000e+00
2.710390353272621233e+00,1.575394404681446758e+00,1.000000000000000000e+00
-3.067802884174319011e+00,-1.474138358280537187e+00,0.000000000000000000e+00
-4.941825850117957941e-01,1.201973159422383475e+00,0.000000000000000000e+00
-1.110013509541179388e+00,1.382842911225536930e+00,0.000000000000000000e+00
-1.311467812102590003e+00,3.466010738326628093e+00,1.000000000000000000e+00
2.295679574740517204e+00,-8.496612860627508201e-01,1.000000000000000000e+00
6.889755238671630977e-01,3.865897886954705598e+00,1.000000000000000000e+00
-2.743338404940445230e-01,-5.140763710363933647e-01,0.000000000000000000e+00
2.434260767750114240e+00,1.149727527026111140e+00,1.000000000000000000e+00
-1.977600345179115315e+00,2.315662728868166376e+00,0.000000000000000000e+00
-3.340567488493030091e+00,2.446076808198285768e+00,0.000000000000000000e+00
-1.221698441362791598e+00,3.494383566941554164e+00,1.000000000000000000e+00
5.585390517602561999e-01,2.130628366734386603e+00,1.000000000000000000e+00
-2.939580798539420670e+00,-4.244107151376568243e-01,0.000000000000000000e+00
7.166872753079012170e-02,5.775593571436878904e-01,0.000000000000000000e+00
3.577543470558041783e+00,3.446269915801057238e+00,1.000000000000000000e+00
-2.164579635960804715e+00,-1.132361174463427878e+00,0.000000000000000000e+00
-2.775655197625537696e+00,3.362813415512707849e+00,0.000000000000000000e+00
1.435910085046492313e+00,1.556372421895602542e+00,1.000000000000000000e+00
3.296548826572501589e+00,-1.420229626302866199e+00,1.000000000000000000e+00
-3.094015637410842956e-01,-1.783427253104037380e-01,0.000000000000000000e+00
-5.997514617815777882e-01,-4.951867673084746624e-01,0.000000000000000000e+00
-2.590378737541382925e+00,-1.786671494129411508e+00,0.000000000000000000e+00
1.976097868894816756e+00,9.329778391483922739e-01,1.000000000000000000e+00
-3.179879129263815329e+00,1.758010853588801936e+00,0.000000000000000000e+00
1.339400891261082194e+00,-1.318028323545155089e-01,1.000000000000000000e+00
9.110747678642026059e-01,-6.227772622097278443e-01,0.000000000000000000e+00
-2.974646209294121491e+00,3.665215856044076403e+00,0.000000000000000000e+00
1.892192569819984627e+00,-6.578338348795174095e-01,1.000000000000000000e+00
-3.622643965036722591e+00,2.533189837701383951e+00,0.000000000000000000e+00
1.673469866404960094e+00,-1.797020943525266423e+00,0.000000000000000000e+00
-2.732510794738065130e+00,-1.634094115131239366e-01,0.000000000000000000e+00
5.767106398093435615e-02,2.933509472581029343e+00,1.000000000000000000e+00
-1.372572642356312933e+00,1.406879153342288191e+00,0.000000000000000000e+00
-1.617058640852325091e+00,-7.281309072221644474e-01,0.000000000000000000e+00
-1.838745314456738278e+00,5.877876163339568194e-03,0.000000000000000000e+00
2.658274405513249228e+00,1.876220866524087150e+00,1.000000000000000000e+00
-2.135393923613981393e+00,-5.006072504149956526e-01,0.000000000000000000e+00
3.420366024261777937e+00,-1.729424979701064125e+00,1.000000000000000000e+00
-2.617419796123964915e+00,2.242090383194072167e+00,0.000000000000000000e+00
2.446511598016802402e+00,-1.056079281910258905e+00,1.000000000000000000e+00
2.221642816917070107e+00,3.976743527117478472e+00,1.000000000000000000e+00
3.063350625292194707e+00,2.941863878931186171e+00,1.000000000000000000e+00
2.952381009507340615e+00,3.083936899728675129e+00,1.000000000000000000e+00
-7.436602943923391607e-01,2.978527342962948410e+00,1.000000000000000000e+00
4.890428546302914015e-01,5.669477289470554737e-01,1.000000000000000000e+00
2.378667576132635020e+00,2.106541019376857449e-01,1.000000000000000000e+00
-1.960437655946156710e-01,-1.751234064048557304e+00,0.000000000000000000e+00
-1.116503661524702373e+00,5.833214490425180365e-01,0.000000000000000000e+00
3.368492282426147177e+00,3.315851944226019477e+00,1.000000000000000000e+00
3.833250771189911532e+00,3.888809352122142293e+00,1.000000000000000000e+00
-1.454729628224059823e+00,-1.901000117858751004e+00,0.000000000000000000e+00
2.417021770375757939e-01,1.334519985859576430e+00,1.000000000000000000e+00
-3.284330808062563278e-01,9.381124233528481682e-01,0.000000000000000000e+00
-3.121191373497245181e+00,3.394968778901634288e+00,0.000000000000000000e+00
1.823232340208889468e+00,4.935894621017977713e-01,1.000000000000000000e+00
2.992860037962899789e+00,2.892473263438553488e+00,1.000000000000000000e+00
-1.510446068211384052e+00,3.028153673906247789e+00,1.000000000000000000e+00
-2.666034480326155531e+00,-5.797713504668799978e-02,0.000000000000000000e+00
3.375140107646692478e+00,-1.502455247311068831e+00,1.000000000000000000e+00
3.551862028892987411e+00,3.199028813129141113e+00,1.000000000000000000e+00
2.690354908883827001e+00,-1.888069517412091169e+00,0.000000000000000000e+00
3.874186866001969598e+00,1.972148967061564395e+00,1.000000000000000000e+00
6.848050671098055986e-01,1.957448204977304762e+00,1.000000000000000000e+00
-2.209323995513750916e+00,2.802311403767537179e+00,0.000000000000000000e+00
-1.972111487943921659e-01,3.564798165511762207e+00,1.000000000000000000e+00
1.148027921394683126e+00,-9.067556026575533945e-01,0.000000000000000000e+00
-1.820289320342369344e+00,-1.125413232855639656e+00,0.000000000000000000e+00
3.968134989908773669e+00,-1.551345627233017277e+00,1.000000000000000000e+00
2.615906079348572888e+00,9.826954399532037421e-01,1.000000000000000000e+00
-4.946018772399272123e-01,-1.289482848019885441e+00,0.000000000000000000e+00
-3.311778757430499098e-01,-1.274193987024988095e+00,0.000000000000000000e+00
-2.446185077567776034e+00,-1.988899719579223291e+00,0.000000000000000000e+00
2.518568094097006771e+00,1.565765571126521039e+00,1.000000000000000000e+00
-3.317191058310990925e+00,2.077784681476384065e+00,0.000000000000000000e+00
-1.191688087233979232e+00,-1.686910945372820603e+00,0.000000000000000000e+00
2.325433184521394026e+00,-1.099538480765881676e+00,1.000000000000000000e+00
-2.597298568565653554e+00,-1.723401206799982432e+00,0.000000000000000000e+00
-3.593448258134330331e+00,5.023895013624475325e-01,0.000000000000000000e+00
3.284248553922694214e+00,3.497827068918946125e+00,1.000000000000000000e+00
4.437106284645304655e-01,-1.622557442821638274e+00,0.000000000000000000e+00
2.311344884849534154e+00,-1.922361756018161838e+00,0.000000000000000000e+00
-1.214490456876831992e+00,3.643156133625347515e+00,1.000000000000000000e+00
-1.632780103697623275e+00,-1.871482146480392128e+00,0.000000000000000000e+00
-2.821204051346501984e-01,2.648473479102456452e+00,1.000000000000000000e+00
-3.705503281708166341e+00,2.318552090416786449e+00,0.000000000000000000e+00
5.258711811681484605e-01,2.953802924415196429e-01,0.000000000000000000e+00
-2.437152610497691718e+00,3.244967742580679548e+00,0.000000000000000000e+00
1.334165180085505220e+00,2.030505728068488835e+00,1.000000000000000000e+00
1.657763171372338640e+00,-1.496611198859562508e+00,0.000000000000000000e+00
6.654683373893091058e-01,2.653025697193411858e+00,1.000000000000000000e+00
-1.563904637684641052e+00,2.228267984574680227e+00,0.000000000000000000e+00
8.672636878676778238e-01,7.779174711873357850e-01,1.000000000000000000e+00
1.943951104852372325e+00,1.067112987198868268e+00,1.000000000000000000e+00
1.028076535829434590e+00,3.474212210568748738e+00,1.000000000000000000e+00
-4.899193202494895871e-01,2.597347985015310279e+00,1.000000000000000000e+00
-2.690293698677781897e+00,1.391095305980557306e+00,0.000000000000000000e+00
3.545797082486373597e+00,3.573191139957054396e+00,1.000000000000000000e+00
3.701332405446387419e+00,-1.296315104605012314e+00,1.000000000000000000e+00
-1.488608418685143597e+00,-9.807777716114578492e-01,0.000000000000000000e+00
3.645001264787047113e+00,-1.818132691661958900e+00,1.000000000000000000e+00
-8.084118651223333174e-01,-1.545187669066334646e+00,0.000000000000000000e+00
8.197100797752785439e-01,-1.292657827718359798e+00,0.000000000000000000e+00
-1.638354080191380291e+00,-5.177241991347147909e-01,0.000000000000000000e+00
-2.244430978356097839e-01,-1.256117318668166227e-01,0.000000000000000000e+00
1.051432168729292904e+00,-2.144729822074469272e-01,0.000000000000000000e+00
-1.976528439253342206e+00,-4.539309408423692904e-01,0.000000000000000000e+00
-3.402333832136021030e+00,3.119447817401820977e+00,0.000000000000000000e+00
1.991663070623850729e+00,-1.668456058503005490e+00,0.000000000000000000e+00
4.114659923952146414e-01,2.230465734233820996e+00,1.000000000000000000e+00
-2.342168238648696388e-01,9.970758060074076390e-01,0.000000000000000000e+00
1.641534524632145775e+00,3.315400145482876759e+00,1.000000000000000000e+00
3.041365242784617173e+00,-1.973867488365366407e+00,1.000000000000000000e+00
2.089260615688885103e+00,1.297718119258846059e-01,1.000000000000000000e+00
-2.596239218588621611e+00,-1.128772434758789078e-01,0.000000000000000000e+00
-5.812991549351940179e-01,1.772806510745557507e+00,1.000000000000000000e+00
2.360701073111193260e+00,2.949626202635617922e+00,1.000000000000000000e+00
1.690616911370248054e+00,2.517951952518057368e+00,1.000000000000000000e+00
-5.166980484886884994e-01,-3.741866833872660170e-01,0.000000000000000000e+00
-2.576454118267474946e+00,1.810843815746502994e+00,0.000000000000000000e+00
2.213393434524110859e+00,3.353520016786497138e+00,1.000000000000000000e+00
-1.115167646006502089e+00,6.014531560006375344e-02,0.000000000000000000e+00
-3.530139754543464292e-01,-1.015563564748798386e+00,0.000000000000000000e+00
-3.545982037701136846e+00,-6.056034167849073668e-01,0.000000000000000000e+00
-1.421513736709023590e-01,3.941993944738503508e+00,1.000000000000000000e+00
-2.340236228808996621e+00,2.539866645471221318e+00,0.000000000000000000e+00
-3.648264112078631882e+00,-9.902192779127474420e-01,0.000000000000000000e+00
-2.118352720967912717e+00,2.586380249365356931e+00,0.000000000000000000e+00
-3.772053188629558740e+00,1.000923004047429288e+00,0.000000000000000000e+00
-2.011195257365699263e+00,9.845953808947154329e-01,0.000000000000000000e+00
-8.030316680047464573e-01,1.319185341930813049e+00,0.000000000000000000e+00
2.660268254614662098e+00,-1.485608112676365389e+00,1.000000000000000000e+00
3.481538280778242012e+00,-6.618107573825129375e-01,1.000000000000000000e+00
-3.449345341059206760e-02,3.828823333131357032e+00,1.000000000000000000e+00
1.082028768312753186e+00,-1.341288593362522708e+00,0.000000000000000000e+00
-2.888791310366116249e+00,-1.729336536503498500e-01,0.000000000000000000e+00
-1.999846444498298403e+00,1.085091168286487218e-01,0.000000000000000000e+00
2.103458625708173990e+00,2.924878637383844016e+00,1.000000000000000000e+00
-1.948103539480410262e-01,2.043601483175125466e+00,1.000000000000000000e+00
-2.737230063171224970e+00,-5.886357186131241370e-02,0.000000000000000000e+00
-1.853875364846633289e+00,1.868831170561348287e+00,0.000000000000000000e+00
2.292479559067579054e+00,-7.288921944137780606e-01,1.000000000000000000e+00
-3.104708586769116430e+00,3.739424503664892541e+00,0.000000000000000000e+00
2.786981525296992501e+00,1.197049649248120406e+00,1.000000000000000000e+00
-2.203932948050474572e+00,1.487526665518253743e+00,0.000000000000000000e+00
3.685365130181501137e+00,2.753237204728140597e+00,1.000000000000000000e+00
-1.309883250038984315e+00,-1.270450151397902294e+00,0.000000000000000000e+00
-1.530755866060697912e-01,-3.114789850527617254e-01,0.000000000000000000e+00
1.184247545255719736e+00,1.193954332428941889e+00,1.000000000000000000e+00
-3.763464247132592533e+00,1.110653330687767948e+00,0.000000000000000000e+00
-1.520637158172580605e+00,3.277355250337012471e+00,1.000000000000000000e+00
3.155554121953018765e+00,2.302853943896391975e+00,1.000000000000000000e+00
9.030979348793763961e-01,2.215364214555856748e+00,1.000000000000000000e+00
2.297873408405364692e+00,2.972805738188872837e+00,1.000000000000000000e+00
-3.585409544167649010e+00,1.022343851056947805e+00,0.000000000000000000e+00
3.195708668901229288e-01,1.966561643416861571e+00,1.000000000000000000e+00
-1.402749830554028243e+00,-1.292839847782181861e+00,0.000000000000000000e+00
-3.713470167922981346e+00,2.863357547471466980e+00,0.000000000000000000e+00
2.508475579620355944e+00,1.812158445829563647e-01,1.000000000000000000e+00
-3.032120327477718646e+00,1.493092764667904859e-01,0.000000000000000000e+00
-2.250862105457385631e+00,1.458623001117824280e+00,0.000000000000000000e+00
3.983845119443731875e+00,8.566387803095123488e-01,1.000000000000000000e+00
-1.191115098755688884e+00,3.354807115087763414e-01,0.000000000000000000e+00
3.419666618646261647e+00,-6.140197735245611632e-01,1.000000000000000000e+00
9.862845946490201854e-01,3.903155591367609922e+00,1.000000000000000000e+00
-3.981471731458487540e+00,2.087811183821964178e+00,0.000000000000000000e+00
-2.426313472170272156e+00,1.624512065540560712e+00,0.000000000000000000e+00
2.221930080723554468e+00,-1.669707295824840010e+00,0.000000000000000000e+00
-2.273427611898774181e+00,-1.879668101502212085e-01,0.000000000000000000e+00
-3.901683139331317385e+00,-1.885900969412856565e+00,0.000000000000000000e+00
2.269957521285948410e+00,-1.143531242955371896e+00,1.000000000000000000e+00
1.698787344728565074e-01,1.597363359063670440e+00,1.000000000000000000e+00
4.676191756610785788e-01,2.851015088707865353e+00,1.000000000000000000e+00
-2.752107610835047069e+00,2.518807086431847253e+00,0.000000000000000000e+00
-2.150214223786641732e+00,5.981200031904543302e-01,0.000000000000000000e+00
-3.651846781382055873e+00,-1.419768527470438135e+00,0.000000000000000000e+00
1.207293505418101986e+00,-1.469650462230578603e+00,0.000000000000000000e+00
-2.723566328357475363e+00,3.304125943042892644e+00,0.000000000000000000e+00
-3.825611569566476078e-01,-1.426384916663851810e+00,0.000000000000000000e+00
3.851963124899856261e+00,3.845097069549459512e+00,1.000000000000000000e+00
-1.108097008116008197e+00,1.512239730674326044e+00,0.000000000000000000e+00
-2.417695800966253472e+00,-1.562619337636235173e-01,0.000000000000000000e+00
-2.635431333595068537e+00,3.308113313542742517e+00,0.000000000000000000e+00
1.851625331728657287e+00,2.677946172860790952e+00,1.000000000000000000e+00
1.172594660541208533e+00,-1.179475924355446459e+00,0.000000000000000000e+00
3.322882706793374830e+00,2.148667951682138089e+00,1.000000000000000000e+00
3.731927560545815759e+00,-4.293499819853729971e-01,1.000000000000000000e+00
6.863096807674251565e-01,1.158928098651347938e+00,1.000000000000000000e+00
1.543869510383751198e+00,-4.575651422745952157e-01,1.000000000000000000e+00
-3.919651631092135879e+00,3.745917713811857119e+00,0.000000000000000000e+00
2.422592127368129233e+00,7.698064863424640691e-01,1.000000000000000000e+00
5.509701812525253928e-01,-6.966900729178027163e-02,0.000000000000000000e+00
-4.933054664269294065e-01,-1.430973910810115601e+00,0.000000000000000000e+00
-8.621155208543473947e-02,5.118968315675820335e-01,0.000000000000000000e+00
2.784379663994483778e+00,-7.448705311940182483e-01,1.000000000000000000e+00
1.313823918413209668e+00,-1.091947157474413510e+00,0.000000000000000000e+00
-3.694348055646622164e+00,3.087333886108396541e-01,0.000000000000000000e+00
1.763519195418334462e+00,3.995795937746498439e+00,1.000000000000000000e+00
2.014155391041766663e+00,3.388925266543423298e+00,1.000000000000000000e+00
-2.615840426717408462e-02,2.523567670252980122e+00,1.000000000000000000e+00
-2.335767434416739619e+00,3.875303600647451496e+00,1.000000000000000000e+00
-2.429808935726557095e+00,3.776654637048135754e-01,0.000000000000000000e+00
7.817262577935970569e-01,-1.824036073411787751e+00,0.000000000000000000e+00
3.697444306923334700e+00,3.694787495853479875e+00,1.000000000000000000e+00
-2.901636355841694659e+00,5.521841313662800843e-01,0.000000000000000000e+00
-1.342713740862599536e+00,1.023300324394307736e+00,0.000000000000000000e+00
6.922122195584687887e-01,9.008004480668780900e-01,1.000000000000000000e+00
-1.445287408817789832e+00,1.775819618837525038e+00,0.000000000000000000e+00
-7.441992515096673699e-01,-1.664375653615896899e+00,0.000000000000000000e+00
-3.503244964157156360e+00,1.506397052669392167e+00,0.000000000000000000e+00
-1.793034480189268365e+00,-7.163838719620949647e-01,0.000000000000000000e+00
-3.360699677259444407e+00,-1.230248505441694062e+00,0.000000000000000000e+00
9.475950260291163829e-01,-5.232893875797202110e-01,0.000000000000000000e+00
-2.365673444923307223e+00,5.811106505524019639e-01,0.000000000000000000e+00
2.636768739927571659e+00,1.668382346729813115e+00,1.000000000000000000e+00
1.800650865728705696e+00,-1.481154848890915643e+00,0.000000000000000000e+00
-2.891033503341200017e+00,-1.583983994975324272e-01,0.000000000000000000e+00
2.691130057620945593e+00,3.459232828810279159e-01,1.000000000000000000e+00
-1.953357654805672361e+00,7.296990406985068844e-01,0.000000000000000000e+00
-3.107450796882821997e+00,1.594952096272093556e+00,0.000000000000000000e+00
3.272392736877379527e+00,3.882830348500852402e+00,1.000000000000000000e+00
-2.099259323902781915e+00,3.965753746792824330e+00,1.000000000000000000e+00
-1.096587139852868376e+00,2.922483258675232953e+00,1.000000000000000000e+00
-2.138943250767799675e+00,2.792631984824136104e+00,0.000000000000000000e+00
-2.811026927046915702e-01,-1.194811560327280198e+00,0.000000000000000000e+00
-3.468444334604967594e+00,2.081874424590306027e+00,0.000000000000000000e+00
-2.840055085547605884e-01,3.711537714305102043e-02,0.000000000000000000e+00
-3.066030286212284572e+00,-1.827042488541891219e+00,0.000000000000000000e+00
-1.801357851324558723e+00,-1.029712192454214525e+00,0.000000000000000000e+00
3.009923268012606457e+00,2.304396831132917711e+00,1.000000000000000000e+00
1.150263405669512018e+00,-1.407076662556463686e+00,0.000000000000000000e+00
-2.952723211593744068e-01,2.807718354105586123e-01,0.000000000000000000e+00
-1.711841188146649095e+00,-1.568394782058454728e+00,0.000000000000000000e+00
1.249340370649904663e+00,2.327327981900979559e+00,1.000000000000000000e+00
-2.873862107775039476e+00,-1.006358081903913293e+00,0.000000000000000000e+00
-1.917902912501212143e+00,1.000542320817095820e+00,0.000000000000000000e+00
-1.111250492930251355e+00,4.492166690313341704e-01,0.000000000000000000e+00
3.729127196933673893e+00,-1.578472986367083220e+00,1.000000000000000000e+00
-1.599569049508332341e+00,4.980805379097130725e-02,0.000000000000000000e+00
1.674841262439138667e+00,1.188338440924499473e+00,1.000000000000000000e+00
5.999963683358542355e-01,2.702855345144382859e+00,1.000000000000000000e+00
7.304839112417900182e-01,-2.187110016317259653e-01,0.000000000000000000e+00
-1.404718783315786368e+00,1.134749508972981324e+00,0.000000000000000000e+00
4.047106718964155192e-01,3.450267622606233431e+00,1.000000000000000000e+00
1.102921252139266173e+00,-1.185351543179979927e-02,1.000000000000000000e+00
-3.748258107695598973e+00,2.606140713902290074e+00,0.000000000000000000e+00
4.490489601991791702e-01,3.178108750636189583e+00,1.000000000000000000e+00
-3.497920237510566466e+00,7.282443910307025980e-01,0.000000000000000000e+00
-2.013114077082912345e+00,1.919670191484367905e+00,0.000000000000000000e+00
-4.479389168031122637e-02,2.557975126448750025e+00,1.000000000000000000e+00
-3.981280861677352512e+00,-1.779036433017736396e+00,0.000000000000000000e+00
1.394402419538435467e+00,-1.538529671912172159e+00,0.000000000000000000e+00
9.247769705457615785e-01,4.317828140595221242e-01,1.000000000000000000e+00
-2.438318293220456567e+00,2.072956618610033885e+00,0.000000000000000000e+00
3.606881027337029089e+00,7.562731738580206198e-01,1.000000000000000000e+00
-9.572792302010739718e-01,3.940653505943680912e-01,0.000000000000000000e+00
-1.682451238037240060e+00,1.878841089899693895e+00,0.000000000000000000e+00
-3.595357552781229593e+00,3.823664540809563306e+00,0.000000000000000000e+00
2.794306658912031338e-01,1.817491333986005486e-01,0.000000000000000000e+00
-2.893859304960392897e+00,9.873138127292691024e-02,0.000000000000000000e+00
-2.062681840273317135e+00,-1.753111414290685177e+00,0.000000000000000000e+00
2.103519135019640274e+00,-1.209408340745454780e-03,1.000000000000000000e+00
3.988829657019222097e+00,9.456302474119286927e-01,1.000000000000000000e+00
1.453554548556344805e+00,1.513468549880762737e+00,1.000000000000000000e+00
-3.934722973907398114e+00,-8.253230529424238071e-02,0.000000000000000000e+00
-2.781457457568952130e+00,2.633958683316644844e+00,0.000000000000000000e+00
-3.684284721334664781e+00,3.621376139820888795e+00,0.000000000000000000e+00
3.173262098605084347e+00,-3.625187493931758542e-01,1.000000000000000000e+00
3.617872232467060911e-01,4.376811232701567356e-01,0.000000000000000000e+00
3.570847805964998400e+00,3.320845374371282688e+00,1.000000000000000000e+00
1.576670774372921358e+00,-1.895783527986002026e+00,0.000000000000000000e+00
-3.932078090166264417e+00,1.660137238419397754e+00,0.000000000000000000e+00
-2.200830726944973392e-01,2.348454414315609640e+00,1.000000000000000000e+00
-1.148531129938254125e+00,-2.018692138458662022e-01,0.000000000000000000e+00
-9.114706350412999925e-01,1.867608272992026031e+00,0.000000000000000000e+00
-1.020825505560497781e+00,1.927788164548279504e+00,0.000000000000000000e+00
8.873271357339866938e-01,3.311856378135987100e+00,1.000000000000000000e+00
1.410078136907850777e+00,1.524972808881253528e+00,1.000000000000000000e+00
1.257540417135188271e+00,2.987659251192304133e+00,1.000000000000000000e+00
-4.964391391785403229e-01,6.433727283068000347e-01,0.000000000000000000e+00
1.387422863719360855e+00,-7.490531581201949063e-01,0.000000000000000000e+00
2.378899089558323077e+00,-4.518479915759598953e-01,1.000000000000000000e+00
5.868633436678214466e-01,1.934544810776895218e+00,1.000000000000000000e+00
3.198944643406998800e+00,2.841954618206845140e+00,1.000000000000000000e+00
-3.185993067993670103e+00,8.524307412320228927e-01,0.000000000000000000e+00
-2.512513141695954744e+00,2.285054037169236274e-01,0.000000000000000000e+00
-2.437264849579316106e+00,3.751989257263900868e+00,1.000000000000000000e+00
3.429155005353073271e+00,3.562019905024516042e+00,1.000000000000000000e+00
2.571668763298133875e+00,3.315954251785255380e+00,1.000000000000000000e+00
-3.607840192540241020e+00,2.180629373941026294e+00,0.000000000000000000e+00
-2.097468827116464318e+00,-1.373476982260561918e+00,0.000000000000000000e+00
-1.240096722561089493e+00,-1.672255465064360846e+00,0.000000000000000000e+00
1.438589320144248340e+00,1.159826206249836567e+00,1.000000000000000000e+00
-1.293907507122783684e+00,8.137442537564791856e-01,0.000000000000000000e+00
-1.816237731809993150e-01,-1.990037582020187656e-01,0.000000000000000000e+00
-3.658022531901718999e+00,1.465305279906865099e+00,0.000000000000000000e+00
1.229104508430601150e+00,-1.774759436550840563e+00,0.000000000000000000e+00
1.856189728928631766e+00,3.642676668376771509e+00,1.000000000000000000e+00
2.370245712583338715e-01,-9.507456706472749985e-02,0.000000000000000000e+00
-2.603792063961624770e+00,2.406781930670906178e+00,0.000000000000000000e+00
1.684441955922163281e+00,-2.766376247365676111e-01,1.000000000000000000e+00
2.588203491066065176e+00,1.146320976138217596e-01,1.000000000000000000e+00
-1.236453565740738725e+00,1.632132370702923829e+00,0.000000000000000000e+00
-2.745716614423683311e-01,-1.252062235157966219e+00,0.000000000000000000e+00
-2.327693929789274918e+00,-1.247863064092104013e+00,0.000000000000000000e+00
-2.155728675217056356e+00,2.212767320668152848e+00,0.000000000000000000e+00
1.359628872026959812e+00,1.143464883757564277e+00,1.000000000000000000e+00
-3.947284872518358689e+00,6.617025775313978286e-01,0.000000000000000000e+00
1.848530170100337600e-01,-9.888032672815114665e-01,0.000000000000000000e+00
-1.045369115261095772e+00,3.435538314932933268e+00,1.000000000000000000e+00
2.026302497215033860e+00,-5.459822155873390592e-01,1.000000000000000000e+00
-7.454902824115707816e-01,-1.030185244359518082e+00,0.000000000000000000e+00
-2.184993008519926505e+00,3.768217044799055948e+00,1.000000000000000000e+00
-3.253451259289840358e+00,2.611260910871839869e-01,0.000000000000000000e+00
1.412707946963545957e+00,2.211998289637776338e+00,1.000000000000000000e+00
-3.099734667317131986e+00,-1.663865607135172953e+00,0.000000000000000000e+00
-2.751217836810792683e+00,-1.937319120188731203e+00,0.000000000000000000e+00
3.861967196695050397e+00,3.689080331821408265e+00,1.000000000000000000e+00
1.318143492997862154e+00,1.229058300378525814e+00,1.000000000000000000e+00
-2.014832259512577828e+00,9.501451594086507413e-01,0.000000000000000000e+00
-9.085055286225198756e-01,2.354677614437256317e+00,1.000000000000000000e+00
1.112191435096070435e+00,1.160356567583371135e+00,1.000000000000000000e+00
-3.443171943595295659e-01,5.026150395188651032e-01,0.000000000000000000e+00
3.103555176277570382e-01,5.067908244615892954e-01,0.000000000000000000e+00
3.097509218840684753e+00,-1.550053132785431664e+00,1.000000000000000000e+00
-3.872350346154949996e+00,3.817609704701146356e+00,0.000000000000000000e+00
-2.829340696973204672e+00,2.825271671271085694e+00,0.000000000000000000e+00
1.213516361659671361e+00,-1.596478025645470478e+00,0.000000000000000000e+00
-2.849345781252893062e+00,3.393990689322213150e+00,0.000000000000000000e+00
3.595111053209496532e+00,9.040718312111852839e-01,1.000000000000000000e+00
2.592310614556891046e+00,6.125474619936817078e-01,1.000000000000000000e+00
-1.125948484534919913e-01,3.454823279311272977e+00,1.000000000000000000e+00
-8.365365389437577903e-01,-2.464238432647845034e-01,0.000000000000000000e+00
2.055406306829311802e+00,7.309988538103402433e-01,1.000000000000000000e+00
-2.706516166832667381e+00,2.728977730915871369e-01,0.000000000000000000e+00
2.397907188184897898e+00,8.430990198160199789e-01,1.000000000000000000e+00
2.610552302913433209e+00,-1.425507170468276463e-01,1.000000000000000000e+00
-3.876607646713401856e+00,-1.594398268154179954e+00,0.000000000000000000e+00
-1.994326307988144364e+00,2.749508271204678778e+00,0.000000000000000000e+00
-3.051167367659398444e+00,1.800722283505058918e+00,0.000000000000000000e+00
-1.189560351476535160e+00,-1.280698184314836396e+00,0.000000000000000000e+00
2.806831057626831161e+00,-1.638616916079045360e+00,1.000000000000000000e+00
-3.285827533188419025e-01,2.487623476752634843e+00,1.000000000000000000e+00
-3.154620783571782994e+00,2.281810944759818049e+00,0.000000000000000000e+00
1.381707083739967423e+00,3.909894547848711710e+00,1.000000000000000000e+00
-3.206936382609969272e+00,1.460217040885438244e+00,0.000000000000000000e+00
2.420869856296226530e+00,-9.667496131285919780e-01,1.000000000000000000e+00
-2.914334967288416678e+00,3.158631918888135104e+00,0.000000000000000000e+00
2.605034493418694197e-01,-1.696221136226268023e+00,0.000000000000000000e+00
1.198240369189474741e+00,3.341743578652884850e-01,1.000000000000000000e+00
3.638986131800680646e+00,-1.991480526705516674e+00,1.000000000000000000e+00
3.636982531953431241e+00,1.546751010621782108e+00,1.000000000000000000e+00
-9.567570400041516265e-01,3.441566065875557356e+00,1.000000000000000000e+00
-1.984825170987290832e+00,1.690595557695918849e+00,0.000000000000000000e+00
-2.116109476609423723e+00,3.870837602070356098e-01,0.000000000000000000e+00
2.067624371064922251e+00,-9.351858158538157717e-01,1.000000000000000000e+00
-2.264681707231551933e+00,1.824760514987890492e+00,0.000000000000000000e+00
3.628619401559958213e+00,5.560226341383947002e-01,1.000000000000000000e+00
1.885611253975675972e+00,1.276088696805349976e+00,1.000000000000000000e+00
-9.557577856824028828e-01,4.175746278336616157e-01,0.000000000000000000e+00
1.885069139813184691e+00,-1.980085248014334498e+00,0.000000000000000000e+00
3.968857196615487304e+00,1.368626520858058360e+00,1.000000000000000000e+00
-2.972379817395220947e+00,1.276508334474647288e+00,0.000000000000000000e+00
2.657297564527718592e+00,1.267845045982796570e+00,1.000000000000000000e+00
-1.846919743153296878e-02,-1.731277107529223258e-01,0.000000000000000000e+00
-3.012572368462576478e+00,2.335000796603738493e+00,0.000000000000000000e+00
1.479244102519164272e+00,2.922717189033106067e-01,1.000000000000000000e+00
-1.500048932776833155e+00,3.148353302028498391e+00,1.000000000000000000e+00
-3.041811495518415676e+00,3.723786397619844202e+00,0.000000000000000000e+00
2.183643292494068966e+00,3.297053077467267279e+00,1.000000000000000000e+00
-2.798753551024330655e+00,1.766728752859943796e+00,0.000000000000000000e+00
1.572088834466201845e+00,3.702498834389977844e+00,1.000000000000000000e+00
2.835986596784064062e+00,3.598497522443233620e+00,1.000000000000000000e+00
-3.372796462190454925e+00,2.133765868294985601e+00,0.000000000000000000e+00
-3.723177443476417103e+00,-1.201515221385319521e+00,0.000000000000000000e+00
1.697488637681755286e+00,4.226071403059910025e-01,1.000000000000000000e+00
-2.577583254407364244e+00,3.737354812849975616e+00,1.000000000000000000e+00
-1.114490117362091581e+00,-1.991659899034340819e+00,0.000000000000000000e+00
-8.618688493896637937e-01,-1.267319705412215392e-01,0.000000000000000000e+00
-3.831471906636997105e+00,2.421666860114259023e+00,0.000000000000000000e+00
-2.533649894184891949e+00,2.489819176582557247e+00,0.000000000000000000e+00
1.965104230132332930e-01,3.383518977389664784e+00,1.000000000000000000e+00
1.334131694742794139e+00,2.315696273820968543e+00,1.000000000000000000e+00
9.144981974091530574e-01,2.361977031210127365e+00,1.000000000000000000e+00
-2.683151893268264310e+00,1.413043400657131965e+00,0.000000000000000000e+00
9.488794830182980533e-01,1.849634642419834663e+00,1.000000000000000000e+00
1.903319043347035944e-01,-6.748079842230840786e-01,0.000000000000000000e+00
1.814704987807844283e+00,-1.428136035526492487e+00,0.000000000000000000e+00
3.091742373075001993e+00,2.135390560828195561e+00,1.000000000000000000e+00
-1.110420820822173305e+00,-1.557123056570278496e+00,0.000000000000000000e+00
-7.746241436954051096e-01,5.175635452974454154e-01,0.000000000000000000e+00
3.297762700435890260e+00,7.778692090347250065e-01,1.000000000000000000e+00
1.632023649733871373e+00,-6.839617998926277309e-01,0.000000000000000000e+00
-3.275813865091197208e+00,3.404991749571288473e+00,0.000000000000000000e+00
2.433605167715231943e+00,-8.017382434897490917e-02,1.000000000000000000e+00
-6.649815325315273640e-01,6.685947986609623861e-01,0.000000000000000000e+00
-1.990266454096550675e+00,-1.313328098358872653e+00,0.000000000000000000e+00
-2.842755396854224514e+00,-1.810622221120166131e-01,0.000000000000000000e+00
-1.525571590656785936e+00,3.361702965936271603e+00,1.000000000000000000e+00
-3.492395819648865363e+00,-4.559928365721113153e-01,0.000000000000000000e+00
-9.680230677516812321e-01,1.972510140673266577e+00,1.000000000000000000e+00
2.063378235754933065e+00,-1.760962459535037716e+00,0.000000000000000000e+00
3.269567340527847144e+00,3.751783369237637444e+00,1.000000000000000000e+00
1.975270953182642231e+00,-1.135568951099475976e+00,0.000000000000000000e+00
3.783020707094371105e-01,-5.115764491071921327e-01,0.000000000000000000e+00
1.060619071383523959e+00,-1.081166462475899426e+00,0.000000000000000000e+00
3.229007546259607508e+00,3.485060760164064853e+00,1.000000000000000000e+00
3.952329168171875295e+00,2.149361108089538064e-01,1.000000000000000000e+00
-2.800851346145165621e+00,-8.067040333627666371e-01,0.000000000000000000e+00
2.601032284902520253e+00,5.184869479262665948e-03,1.000000000000000000e+00
1.487228190265144079e+00,7.555548789475441396e-02,1.000000000000000000e+00
5.640564081417602793e-01,-1.263704083557515290e-02,0.000000000000000000e+00
3.611871904174320136e+00,3.777107469377711801e+00,1.000000000000000000e+00
3.557903391358550493e+00,5.568992808935702143e-01,1.000000000000000000e+00
-2.032474762398132739e+00,-1.366241511132154196e+00,0.000000000000000000e+00
2.167492317186473727e+00,2.835066419568449625e+00,1.000000000000000000e+00
1.406153809087825834e+00,8.763967678973338948e-01,1.000000000000000000e+00
3.695153951328284947e+00,-1.121042805103024342e+00,1.000000000000000000e+00
1.168681922321646027e-02,3.481741768474757137e+00,1.000000000000000000e+00
2.773718330668672571e+00,3.896314981062419136e+00,1.000000000000000000e+00
2.361776098097383425e-01,3.221971508985207677e+00,1.000000000000000000e+00
-3.129407844956167750e+00,-3.722984672990112820e-01,0.000000000000000000e+00
1.107198453338217092e+00,2.005459880189519595e+00,1.000000000000000000e+00
2.459175849818768356e+00,3.207629364634049018e+00,1.000000000000000000e+00
-9.916520527533414509e-01,-1.507049830328948126e+00,0.000000000000000000e+00
1.825806673548242998e+00,-7.039014421363265495e-01,1.000000000000000000e+00
-3.876863624678913212e+00,7.928857922353831356e-01,0.000000000000000000e+00
3.463967625542520246e+00,-7.371498747276250540e-02,1.000000000000000000e+00
9.877566024960060531e-02,2.595861117242650451e+00,1.000000000000000000e+00
2.094011872315981293e+00,3.419148353246099781e+00,1.000000000000000000e+00
-3.067061144186043364e+00,3.283038866925934940e+00,0.000000000000000000e+00
-1.607446590920794449e+00,1.191024716445294729e+00,0.000000000000000000e+00
-3.215775228702290711e+00,-1.601834047138285921e+00,0.000000000000000000e+00
2.940789713524152305e+00,-6.127977095215992875e-01,1.000000000000000000e+00
3.741220053239973531e+00,3.085268174762827442e-01,1.000000000000000000e+00
1.159131214666495602e+00,2.989015353004157660e+00,1.000000000000000000e+00
2.924268575843317564e+00,-3.228213552991698876e-01,1.000000000000000000e+00
-3.998082043042953337e+00,-1.993711447257974889e+00,0.000000000000000000e+00
-2.333896418912607906e+00,-1.551896085873334608e+00,0.000000000000000000e+00
2.580584347874183671e+00,3.870846530619775905e-02,1.000000000000000000e+00
-2.819353888544458009e+00,3.698197540358625801e+00,0.000000000000000000e+00
-3.473424100938746761e+00,-1.099970729769825573e+00,0.000000000000000000e+00
-3.488498596686634201e+00,3.409521595663182580e+00,0.000000000000000000e+00
2.068916755548482200e+00,-1.383263888245690465e+00,0.000000000000000000e+00
2.974916997765495452e-01,-5.719907636837369136e-01,0.000000000000000000e+00
3.644608010599085013e+00,3.116575911534045673e+00,1.000000000000000000e+00
1.531663180822619985e+00,2.984471412851918970e-01,1.000000000000000000e+00
1.399611064173210906e+00,2.902738648215242634e+00,1.000000000000000000e+00
3.154747239107130952e+00,1.548909771313473183e+00,1.000000000000000000e+00
-3.816201512242392013e+00,2.633549522472671711e+00,0.000000000000000000e+00
2.771655228739569488e+00,2.649356864334343697e+00,1.000000000000000000e+00
1.785231623274851742e+00,2.656768473091674743e+00,1.000000000000000000e+00
1.204338970020973676e+00,2.609302887106842661e+00,1.000000000000000000e+00
8.558374209502188634e-01,3.441458473167247512e+00,1.000000000000000000e+00
-9.050791212652322670e-01,-5.017237711019859603e-01,0.000000000000000000e+00
1.522996388364546760e+00,1.371750710316884003e+00,1.000000000000000000e+00
-8.341199791252611462e-01,2.518978359556092173e+00,1.000000000000000000e+00
-2.497706882018324137e+00,2.098823468488851596e+00,0.000000000000000000e+00
-1.623472520998329394e+00,8.710797725489349830e-02,0.000000000000000000e+00
2.009321907083799985e+00,2.618787980759137213e+00,1.000000000000000000e+00
1.675297066732872153e+00,2.746279799291816204e+00,1.000000000000000000e+00
-2.354550657775565270e+00,1.419973639562526202e+00,0.000000000000000000e+00
3.366420481354322369e+00,1.696551812372872003e+00,1.000000000000000000e+00
-7.935121516605727621e-01,7.886315712521163590e-01,0.000000000000000000e+00
-2.706656878911150699e+00,2.752723279833768188e+00,0.000000000000000000e+00
-1.146578591303439865e+00,2.719117836602043425e+00,1.000000000000000000e+00
1.933134561185005929e+00,3.903715275373048854e+00,1.000000000000000000e+00
5.626165846755464273e-01,3.989184719701577286e+00,1.000000000000000000e+00
9.397746641819555435e-01,-2.526314730728431712e-01,0.000000000000000000e+00
1.757952732118405414e+00,3.547921432921032014e+00,1.000000000000000000e+00
1.884694088976738513e+00,2.208076915900909043e+00,1.000000000000000000e+00
3.091555337070739817e+00,1.332433194300712831e+00,1.000000000000000000e+00
-6.598337189908978218e-01,1.679669142610543453e+00,1.000000000000000000e+00
4.369647649042880388e-01,8.977625387666052781e-01,1.000000000000000000e+00
2.843486395885826745e+00,-5.476197278113952294e-01,1.000000000000000000e+00
4.664671124310011407e-01,2.124736144674811200e+00,1.000000000000000000e+00
1.500713085010196401e+00,3.748979723102071837e+00,1.000000000000000000e+00
2.580482344872465639e+00,-3.294013711213985562e-01,1.000000000000000000e+00
-3.892452226928915238e-01,1.436882543884375529e+00,1.000000000000000000e+00
-1.049263092582443768e+00,1.332172511531102277e+00,0.000000000000000000e+00
-2.980652323390718728e+00,6.460917638987737632e-01,0.000000000000000000e+00
2.084180707480659756e+00,4.463610630542698132e-01,1.000000000000000000e+00
3.658107313912764447e+00,1.341725243579045213e+00,1.000000000000000000e+00
6.625096668847030301e-01,2.456192384309339616e+00,1.000000000000000000e+00
1.587101192017721374e+00,1.004275624435872594e+00,1.000000000000000000e+00
-1.699997113243141733e+00,9.967579865927849170e-01,0.000000000000000000e+00
-3.709393175919143637e+00,3.909029583057645141e+00,0.000000000000000000e+00
-3.776218538734380736e+00,1.369697067938155044e+00,0.000000000000000000e+00
-3.733719730042210472e+00,2.912117289117506225e+00,0.000000000000000000e+00
3.260792584179263542e+00,1.707818460765693658e+00,1.000000000000000000e+00
-2.894598481339486717e+00,5.097840947994036753e-01,0.000000000000000000e+00
-5.782860988576263850e-01,4.562657092525279623e-01,0.000000000000000000e+00
2.785478967439799725e+00,-3.403766458682564444e-01,1.000000000000000000e+00
-3.559313646259719910e+00,2.400815843941925820e+00,0.000000000000000000e+00
3.810371481466965804e+00,-1.982333181393951760e+00,1.000000000000000000e+00
1.010795302124505746e+00,3.517208621477331931e+00,1.000000000000000000e+00
-1.548105678261772589e+00,-9.008234736278999399e-01,0.000000000000000000e+00
2.042356506049509690e+00,1.894174238653307363e+00,1.000000000000000000e+00
3.769401869514768855e+00,-1.023002212591087368e+00,1.000000000000000000e+00
-7.664665601997997513e-01,1.087701378310286238e-01,0.000000000000000000e+00
3.300634261822880333e+00,1.497847619405723751e+00,1.000000000000000000e+00
2.463957907907914802e+00,1.397258804236924945e+00,1.000000000000000000e+00
-3.259137893593357482e+00,2.515753719754719953e+00,0.000000000000000000e+00
-7.987638321906782579e-01,-6.549089773209928467e-01,0.000000000000000000e+00
-3.084583118217305575e+00,-1.156826140946412451e+00,0.000000000000000000e+00
1.213045566671766551e-02,9.290416172468862754e-02,0.000000000000000000e+00
-1.758955999057445041e+00,-7.894742037098274601e-01,0.000000000000000000e+00
-3.511862703235360428e+00,-4.016895286785002739e-01,0.000000000000000000e+00
-6.608072881202007309e-01,-1.245249750693603330e+00,0.000000000000000000e+00
2.780851668696954881e+00,-1.459731225568072110e+00,1.000000000000000000e+00
-9.080186146538942182e-01,-1.042693922534730477e+00,0.000000000000000000e+00
1.616463356583390798e+00,3.571828074579231682e+00,1.000000000000000000e+00
-3.659139576466696298e+00,-6.311630259288620870e-01,0.000000000000000000e+00
3.769598085629615625e+00,3.543094733044154232e-01,1.000000000000000000e+00
-3.751776851543579205e+00,4.096632487115261512e-01,0.000000000000000000e+00
2.446681529287051404e+00,-1.661267118189235781e-01,1.000000000000000000e+00
3.068605763941001818e+00,-1.063784814191750305e+00,1.000000000000000000e+00
-3.766244025011451946e+00,1.281097128558855047e+00,0.000000000000000000e+00
-2.219814317618973298e+00,2.449350279285283705e+00,0.000000000000000000e+00
2.219384091493745714e+00,-1.754951926887933222e+00,0.000000000000000000e+00
6.055058045589234439e-01,-8.096215621547528940e-01,0.000000000000000000e+00
-1.884644677249876388e+00,-1.968417762403591453e-01,0.000000000000000000e+00
3.564842259792466272e+00,1.419704837011107834e+00,1.000000000000000000e+00
1.236829140170441654e+00,5.687688055406958654e-01,1.000000000000000000e+00
3.777851985408164026e+00,2.938415628666730228e+00,1.000000000000000000e+00
2.782991743499114712e+00,2.900223260142976045e+00,1.000000000000000000e+00
3.397838838752321067e+00,2.834969557043130806e+00,1.000000000000000000e+00
-1.866170240969169392e+00,6.583082266159339113e-01,0.000000000000000000e+00
2.941220983145524492e+00,6.903332603752572183e-01,1.000000000000000000e+00
1.008109887081550582e+00,3.474842171029944637e+00,1.000000000000000000e+00
-1.965813493872316187e+00,1.599987802937221204e+00,0.000000000000000000e+00
3.203059493254115431e+00,3.383822838217653839e+00,1.000000000000000000e+00
1.643860974816854892e+00,8.466362188734213312e-01,1.000000000000000000e+00
2.261121097398133273e+00,3.561227057771176874e-04,1.000000000000000000e+00
-4.614870204941086129e-01,-4.611852850841344775e-01,0.000000000000000000e+00
-1.100348262136687794e-01,5.118443819679141527e-01,0.000000000000000000e+00
8.985742533944458543e-01,1.449521682510131804e+00,1.000000000000000000e+00
-1.394921290951048221e+00,3.842735492250831442e+00,1.000000000000000000e+00
-3.021412520427585235e+00,1.183107285765471417e+00,0.000000000000000000e+00
-3.437856304558772003e+00,8.215330381942802518e-01,0.000000000000000000e+00
-2.147174953343491843e+00,2.930811311183121326e+00,0.000000000000000000e+00
1.044273455621310021e+00,3.274918127637258536e-01,1.000000000000000000e+00
-1.423355454177623436e+00,1.293231852225386724e+00,0.000000000000000000e+00
-1.789606470019231566e-01,1.740406038543915290e+00,1.000000000000000000e+00
2.708240364682890977e+00,3.825658616615467800e+00,1.000000000000000000e+00
-3.249128639293692444e-01,3.496908093625008540e+00,1.000000000000000000e+00
1.031094875027271485e+00,-7.760544929657320345e-02,0.000000000000000000e+00
2.062809257731808010e+00,2.094531062248796260e+00,1.000000000000000000e+00
3.877733210508576001e+00,-1.147412184270397262e+00,1.000000000000000000e+00
-1.677061709501650455e+00,-1.448368322989989743e+00,0.000000000000000000e+00
2.211708890095972713e+00,1.569834610015889531e+00,1.000000000000000000e+00
9.525357566914305352e-02,-1.078710852090918104e+00,0.000000000000000000e+00
3.794270217111042953e+00,3.118556785788677566e+00,1.000000000000000000e+00
2.335261074444109575e+00,3.627338164774202234e+00,1.000000000000000000e+00
5.201682928128485983e-01,1.826378677820574836e+00,1.000000000000000000e+00
-2.690211280075299527e+00,1.068937857567708427e+00,0.000000000000000000e+00
-1.776024561979166805e+00,3.773222407091115116e+00,1.000000000000000000e+00
2.136232695372627610e+00,3.883407451197766314e+00,1.000000000000000000e+00
-7.146898528247218607e-01,2.542233242964016426e+00,1.000000000000000000e+00
-6.863016381483664219e-01,1.035305686393578117e+00,0.000000000000000000e+00
4.075081840698500102e-01,-1.815007953272678165e+00,0.000000000000000000e+00
4.614288700648394581e-01,3.674647614086328673e+00,1.000000000000000000e+00
2.502665317472615669e+00,2.022209742015792955e+00,1.000000000000000000e+00
-3.759238862687614535e+00,1.327259604084294775e+00,0.000000000000000000e+00
2.368652382970752868e+00,7.989228635204188578e-01,1.000000000000000000e+00
-3.697260653498180005e-02,1.275238623917358538e+00,1.000000000000000000e+00
1.414908105755172230e+00,3.883272848972508129e+00,1.000000000000000000e+00
-3.541440202565154571e+00,2.417322749213600908e+00,0.000000000000000000e+00
1.559823036087942150e+00,1.943327624894827466e+00,1.000000000000000000e+00
2.740510473104582623e+00,2.687248614116450440e+00,1.000000000000000000e+00
-3.937303261969174351e+00,3.564471638136990528e+00,0.000000000000000000e+00
-5.936372117253956304e-01,7.359300147984155771e-01,0.000000000000000000e+00
-1.991593562124975847e-01,-8.597526871979888075e-01,0.000000000000000000e+00
-3.211539708553079464e+00,-1.893451439351910404e+00,0.000000000000000000e+00
-1.611457630739812963e+00,1.893333369864627080e+00,0.000000000000000000e+00
-7.315078411452908824e-01,4.856825348836308898e-01,0.000000000000000000e+00
2.242634081026318782e+00,-8.846094297360622694e-01,1.000000000000000000e+00
2.607155796778973134e+00,1.523405836611347652e+00,1.000000000000000000e+00
1.896852524772834947e+00,3.253884909715605289e+00,1.000000000000000000e+00
1.635561996821548014e+00,-1.864096509368677657e+00,0.000000000000000000e+00
-3.076946620017450229e+00,2.151274832201901965e+00,0.000000000000000000e+00
-3.642627014247648454e+00,2.199890366602849312e+00,0.000000000000000000e+00
-1.349952541612952750e+00,1.895927095975515009e+00,0.000000000000000000e+00
-1.060802154600545499e+00,-1.478477308992935502e+00,0.000000000000000000e+00
-7.087702603886381070e-02,1.217674451906322730e+00,1.000000000000000000e+00
1.908289590283339443e+00,-1.020440984349528790e+00,0.000000000000000000e+00
-2.665899222927664347e+00,2.370172222885730484e+00,0.000000000000000000e+00
2.461599561812099601e+00,1.212905013176892144e+00,1.000000000000000000e+00
5.433229855711667611e-01,3.949646208859095786e+00,1.000000000000000000e+00
-3.566850010783361391e+00,2.653665693611864107e+00,0.000000000000000000e+00
2.823162820011273944e+00,-8.486517848979613365e-01,1.000000000000000000e+00
6.560865781992575307e-02,2.370812468756219538e+00,1.000000000000000000e+00
-1.412692929454450130e+00,7.079954937679859839e-01,0.000000000000000000e+00
-3.062643636302524008e+00,-8.603553109165384960e-01,0.000000000000000000e+00
2.438907702522323362e+00,3.373368774193278519e+00,1.000000000000000000e+00
2.565012898392554419e+00,-1.706884668616561518e+00,0.000000000000000000e+00
3.927175694963572106e+00,-1.355870937649348296e-01,1.000000000000000000e+00
1.909694657792146977e+00,2.119679748380382200e+00,1.000000000000000000e+00
-3.806303755450913151e+00,3.237673052224693038e+00,0.000000000000000000e+00
-2.642706298494006845e+00,3.849894008213723851e+00,1.000000000000000000e+00
-2.380269962270110007e+00,2.490614401727934357e+00,0.000000000000000000e+00
1.689699812395182299e+00,-9.571610034056878824e-01,0.000000000000000000e+00
3.674628971041927983e+00,-4.820378474548447922e-01,1.000000000000000000e+00
2.442757882764102995e+00,3.621219560150462868e+00,1.000000000000000000e+00
-2.918820994772897137e+00,-9.797337337167371096e-01,0.000000000000000000e+00
-2.069345006951346377e+00,2.749870258916937260e+00,0.000000000000000000e+00
-1.578629566952640673e+00,2.493268622079900965e+00,0.000000000000000000e+00
9.377455410908206446e-01,2.302426910496691903e+00,1.000000000000000000e+00
-2.381324253300844518e+00,3.080469392136619078e+00,0.000000000000000000e+00
1.932413019029556089e+00,-6.904550561443172363e-01,1.000000000000000000e+00
2.143705981069321531e+00,8.267394816914208633e-02,1.000000000000000000e+00
2.038924790614027316e-01,2.622422300155229813e+00,1.000000000000000000e+00
-1.877178369659799451e+00,2.237796120201908323e+00,0.000000000000000000e+00
3.650401111682475275e+00,2.922893796619980833e-01,1.000000000000000000e+00
-2.297458177288891790e+00,2.308426638261233954e-01,0.000000000000000000e+00
2.896938196928649845e+00,2.195895731710485244e+00,1.000000000000000000e+00
8.657195445195231542e-02,3.545546001854908980e+00,1.000000000000000000e+00
2.420595517200203162e+00,2.072067935275033079e+00,1.000000000000000000e+00
3.923561673011985107e+00,3.022932020792068464e+00,1.000000000000000000e+00
-2.276562766943434291e+00,1.574752062770694572e+00,0.000000000000000000e+00
1.867054240761424566e+00,-5.272575703701254390e-01,1.000000000000000000e+00
2.031021310453936302e+00,3.208709166335223628e+00,1.000000000000000000e+00
