3.154918328957166729e+00,2.130278177286193397e+00,2.000000000000000000e+00
2.157053758899043494e-01,3.596234423205424413e+00,1.000000000000000000e+00
-2.441145547686691675e-01,-7.217914986216109607e-01,3.000000000000000000e+00
2.030777418979135440e+00,3.399280507292394837e-01,2.000000000000000000e+00
2.874314618378882358e+00,1.287335800695951882e+00,2.000000000000000000e+00
-1.982478947455220464e+00,1.166779171649389824e+00,3.000000000000000000e+00
2.604039514503091013e+00,9.107332631232711861e-02,2.000000000000000000e+00
-7.632877969748252944e-01,-1.243421387370135633e+00,3.000000000000000000e+00
-5.264100642254680995e-01,-6.712658914211917516e-01,3.000000000000000000e+00
-4.234464591111073428e-01,-1.000868854133668773e+00,3.000000000000000000e+00
2.786288940516374879e+00,-3.205240257563342077e-01,2.000000000000000000e+00
9.475006634385438886e-01,-1.261548346237699958e+00,0.000000000000000000e+00
3.629141022891582580e+00,-1.157647652228679158e+00,2.000000000000000000e+00
2.230608557526759128e+00,3.256624071868465364e+00,2.000000000000000000e+00
3.303888510300452275e-01,9.948274491357445015e-02,3.000000000000000000e+00
2.792031972269094275e+00,1.222401695980660730e+00,2.000000000000000000e+00
-1.693469199630716737e+00,-1.815591811636249275e+00,3.000000000000000000e+00
-6.597392184883106303e-01,3.066483107691554189e+00,1.000000000000000000e+00
2.086979658999243981e+00,2.261605056247640633e+00,2.000000000000000000e+00
1.310307549302843100e+00,-1.951029128694302006e+00,0.000000000000000000e+00
1.331264782821638626e+00,3.041936965907352075e+00,1.000000000000000000e+00
-1.965615302939031750e+00,-1.444097218209762445e+00,3.000000000000000000e+00
-1.003832636381002175e+00,1.152029372689066022e+00,3.000000000000000000e+00
-3.327528689236933790e-01,-1.863343982044568747e+00,0.000000000000000000e+00
3.858431296723139781e+00,2.417680634836682607e+00,2.000000000000000000e+00
-1.245582644351347579e+00,2.051953087628484163e+00,3.000000000000000000e+00
7.761370377442258217e-01,2.688157198844679741e+00,1.000000000000000000e+00
7.564740007184180826e-01,4.274468937175108785e-01,2.000000000000000000e+00
3.782698747817042850e+00,3.942499229027903951e+00,2.000000000000000000e+00
-1.422794770645285700e+00,1.896419256091007810e+00,3.000000000000000000e+00
1.761044346954886208e+00,2.368484228441854356e+00,2.000000000000000000e+00
-1.139254394346551846e+00,-1.942588217648857585e+00,3.000000000000000000e+00
2.575360315401990619e+00,-1.691012249172756832e+00,2.000000000000000000e+00
1.288147583422328601e+00,1.932670358288048895e+00,1.000000000000000000e+00
-1.591514962150955892e+00,3.471358926071793860e+00,3.000000000000000000e+00
-1.502417960658496643e+00,7.009597649158010313e-01,3.000000000000000000e+00
1.230618090614700399e+00,9.546741972254402242e-02,2.000000000000000000e+00
-5.883701993189247581e-01,1.928037269491533312e+00,3.000000000000000000e+00
9.233548547823371422e-01,-7.035389626277410713e-02,2.000000000000000000e+00
-8.008421767360651700e-01,-1.370541354176892934e+00,3.000000000000000000e+00
1.646280877646166374e+00,-5.499891451148923860e-01,2.000000000000000000e+00
1.301812551964854237e+00,6.389533918617837926e-01,2.000000000000000000e+00
2.300517599442027716e+00,-2.386884387358021442e-01,2.000000000000000000e+00
5.015575876444335890e-01,-1.580868142672382959e+00,0.000000000000000000e+00
2.616730368385729477e+00,1.073301207792773937e-01,2.000000000000000000e+00
3.467265441899788136e+00,1.021338984247808668e+00,2.000000000000000000e+00
6.707932935692726417e-01,3.040376094124937367e+00,1.000000000000000000e+00
-1.878541112079021858e-01,1.709503230393820239e+00,1.000000000000000000e+00
7.637464391081909554e-01,-1.735005698501820293e+00,0.000000000000000000e+00
-1.011227995983579708e+00,1.837154317378252522e+00,3.000000000000000000e+00
1.685371909667175316e+00,-1.056902722913637183e+00,2.000000000000000000e+00
2.681754404166161621e+00,1.374928035081744770e+00,2.000000000000000000e+00
3.048462451692254049e+00,3.960892753904059482e+00,2.000000000000000000e+00
3.100617835748382234e+00,1.045880443600211152e-02,2.000000000000000000e+00
5.229809025235168107e-01,-1.474963906006415248e+00,0.000000000000000000e+00
-1.286810802837146772e+00,-1.546176157646969473e+00,3.000000000000000000e+00
-4.776315314395185307e-01,5.224221058465712275e-01,3.000000000000000000e+00
-5.383720622517782495e-01,9.337059998372030378e-01,3.000000000000000000e+00
-1.412252268888402273e+00,-1.758586259689318698e-01,3.000000000000000000e+00
-8.179004113528747233e-01,-8.779726834185848094e-01,3.000000000000000000e+00
4.733973092927179493e-02,1.484528299869976919e+00,1.000000000000000000e+00
4.158735605311800754e-01,3.139401932326984834e+00,1.000000000000000000e+00
-1.934408088401629033e+00,1.954274860668463010e+00,3.000000000000000000e+00
1.435102812558107122e+00,8.750782596607873387e-01,2.000000000000000000e+00
5.648489181011084881e-01,6.406472588224207954e-01,1.000000000000000000e+00
-1.459174608567824771e+00,7.788691821131754622e-01,3.000000000000000000e+00
8.443173109443202762e-01,1.765103654555077561e+00,1.000000000000000000e+00
-1.132854515588354483e+00,-3.961102656779957876e-02,3.000000000000000000e+00
-1.352482935766631700e+00,2.429863987232176115e+00,3.000000000000000000e+00
9.379598936188902059e-01,3.003046808124763878e+00,1.000000000000000000e+00
-1.950768027110108438e+00,3.438609520333909764e+00,3.000000000000000000e+00
2.087152876757789599e+00,1.565245133979595415e+00,2.000000000000000000e+00
1.645844335722090435e+00,1.093337080092025904e+00,2.000000000000000000e+00
-7.464196797449564880e-01,-1.324803948558092914e+00,3.000000000000000000e+00
-1.630462855464536620e+00,4.083986341567191758e-01,3.000000000000000000e+00
-5.125502722982255843e-01,3.432172744292275368e+00,1.000000000000000000e+00
1.126339445555376351e+00,-7.151368861317113357e-01,2.000000000000000000e+00
-1.663958231726515136e+00,2.976152059973861341e+00,3.000000000000000000e+00
2.582816580377159887e+00,3.800648448647045541e+00,2.000000000000000000e+00
2.393105146954328077e+00,3.169479196260889253e+00,2.000000000000000000e+00
-3.119596210807598080e-01,5.614205258342339633e-01,3.000000000000000000e+00
8.325738286197021942e-01,3.894513045659092398e+00,1.000000000000000000e+00
2.353039457727251538e+00,1.276673164160907259e+00,2.000000000000000000e+00
1.828823236066893010e+00,-1.684115587786377155e+00,2.000000000000000000e+00
8.387520078006818203e-01,-1.286102473514950884e+00,0.000000000000000000e+00
-3.366801307113069797e-01,-1.838531664763053408e+00,0.000000000000000000e+00
-2.455933087876784882e-01,-1.793553138707149275e+00,0.000000000000000000e+00
2.623489430472856654e+00,-1.343305996641664946e+00,2.000000000000000000e+00
4.080715935371417302e-01,1.529822551883604831e+00,1.000000000000000000e+00
7.281986101675768097e-01,6.272537199864025581e-02,2.000000000000000000e+00
-3.601900141540639311e-01,3.606950543512872365e-01,3.000000000000000000e+00
-1.207391618073262007e+00,2.832000718983228360e+00,3.000000000000000000e+00
-9.151847907413104277e-01,3.989828515253165619e+00,1.000000000000000000e+00
2.010697498080716628e+00,1.326578894877687986e+00,2.000000000000000000e+00
-1.634889993553091836e+00,3.413762555638357732e+00,3.000000000000000000e+00
-1.551264018531115729e+00,1.063735293271905746e-01,3.000000000000000000e+00
-1.184915092121112679e+00,2.534137112922137725e+00,3.000000000000000000e+00
-5.274908240926889924e-02,-1.260303613402763867e+00,0.000000000000000000e+00
-6.650114212275894943e-01,-1.947191130877544030e+00,3.000000000000000000e+00
2.611058219497769173e+00,2.320791913043606769e+00,2.000000000000000000e+00
-1.361953825286567499e+00,8.090656958980249058e-01,3.000000000000000000e+00
-9.788368023342319812e-01,-3.756515889005405118e-01,3.000000000000000000e+00
3.614947992563486423e-01,2.719314237253884770e+00,1.000000000000000000e+00
3.370714164379844391e-01,3.799520141303360354e+00,1.000000000000000000e+00
2.761091070073161013e+00,3.429163123331420593e+00,2.000000000000000000e+00
3.909787312482473354e-01,1.044842772784244644e-01,3.000000000000000000e+00
1.230535438157668082e+00,3.978154574441617797e+00,1.000000000000000000e+00
2.895721182669214855e+00,3.183775206753573173e+00,2.000000000000000000e+00
1.998734258447059098e+00,2.680981402534811764e+00,2.000000000000000000e+00
1.342389447362990040e+00,2.931569538692802013e-02,2.000000000000000000e+00
2.495548831388445521e+00,-5.615816226403838041e-01,2.000000000000000000e+00
-1.388284968856254409e+00,1.213582948020271779e+00,3.000000000000000000e+00
2.703872153415644242e+00,-1.592395414808949416e+00,2.000000000000000000e+00
3.244507359009061176e-01,7.723180764086858829e-01,1.000000000000000000e+00
2.487854725661156507e+00,5.232470039363503744e-01,2.000000000000000000e+00
3.603448068341508659e+00,1.045811610847540152e+00,2.000000000000000000e+00
-5.510851180055156284e-01,-1.459682912966650647e+00,3.000000000000000000e+00
-1.531913983470371221e+00,-1.610064257231347495e+00,3.000000000000000000e+00
3.242624218115803814e+00,-1.660563632543352597e+00,2.000000000000000000e+00
2.403209568365847204e+00,1.319243224668845027e+00,2.000000000000000000e+00
2.309518442507742186e+00,1.997692801577051647e+00,2.000000000000000000e+00
-2.816387178319905704e-01,-1.559815965657598502e+00,3.000000000000000000e+00
1.704827075712731954e+00,1.238978325423165661e+00,2.000000000000000000e+00
2.400129239516621382e+00,-6.787777540626247497e-01,2.000000000000000000e+00
-9.982115214558324734e-01,2.621583711846787956e+00,3.000000000000000000e+00
2.896405382426259223e+00,-9.677550082139170229e-01,2.000000000000000000e+00
2.187266127652605086e+00,2.483882237571924279e+00,2.000000000000000000e+00
2.432584938281617148e+00,2.699734913855651897e+00,2.000000000000000000e+00
1.478928845231909595e+00,7.152708983857269942e-01,2.000000000000000000e+00
3.536660076980803424e+00,-1.416628684338345545e+00,2.000000000000000000e+00
-4.022662741251286089e-01,-4.676348729259638404e-02,3.000000000000000000e+00
1.949924628042634112e+00,1.844823383463999988e+00,2.000000000000000000e+00
-1.040934723028370978e+00,4.704690913195364033e-02,3.000000000000000000e+00
3.403028683366530416e+00,1.358168179592827762e+00,2.000000000000000000e+00
2.698716413060027186e+00,2.005889053251197929e+00,2.000000000000000000e+00
-1.500995687784445698e+00,1.444710480621625770e+00,3.000000000000000000e+00
3.886426984313152033e+00,2.488752618051488064e+00,2.000000000000000000e+00
1.524754546199753591e+00,-1.155226018239369434e+00,2.000000000000000000e+00
-1.261776175642487896e+00,3.141346718503929658e+00,3.000000000000000000e+00
9.503565651865302222e-01,-1.011042396999981108e+00,0.000000000000000000e+00
3.743949732159284061e+00,2.844586071718792297e+00,2.000000000000000000e+00
-1.694349631749181517e+00,2.467131529966468229e+00,3.000000000000000000e+00
-6.038467398144693465e-01,1.673437551798985456e+00,3.000000000000000000e+00
-7.849843169127184161e-01,-3.545906598330221815e-01,3.000000000000000000e+00
-8.740610851870140863e-01,1.184890525716447485e+00,3.000000000000000000e+00
3.383879021173775925e+00,5.179296917651505794e-01,2.000000000000000000e+00
-1.239756757318430935e-01,4.611825083109941659e-01,3.000000000000000000e+00
3.670780259965892967e+00,-1.427449883955242971e-01,2.000000000000000000e+00
2.465748574343953337e+00,1.565611341679078894e+00,2.000000000000000000e+00
3.770970062120992949e+00,-8.200396110887364642e-01,2.000000000000000000e+00
-1.869523939393035628e+00,-3.595646755201502565e-01,3.000000000000000000e+00
1.640009308511164665e+00,8.177538373260340165e-01,2.000000000000000000e+00
-1.973546919959324075e+00,-1.072228665489367794e+00,3.000000000000000000e+00
-1.291517734122790362e+00,-1.653563981077674772e+00,3.000000000000000000e+00
-1.061846854063988044e+00,2.002788413088141262e+00,3.000000000000000000e+00
3.703866696662072577e-01,-3.475968774615310064e-01,0.000000000000000000e+00
3.608351742192596134e+00,2.937834204333065635e+00,2.000000000000000000e+00
9.839285294954192018e-01,3.118662006694507660e+00,1.000000000000000000e+00
1.681764606460510514e+00,-1.559249433146056463e+00,2.000000000000000000e+00
-6.440796492651241767e-01,2.046472037376724451e+00,3.000000000000000000e+00
2.189997566713632438e+00,3.325884121977805030e+00,2.000000000000000000e+00
1.566095213118512852e+00,3.855277557315138992e+00,1.000000000000000000e+00
-1.280265479944306728e+00,2.080523076201854060e+00,3.000000000000000000e+00
2.233483965952487438e-02,3.538254735077890345e-01,3.000000000000000000e+00
1.206617896952308033e+00,-1.520832823189110838e+00,0.000000000000000000e+00
2.892996075728923699e+00,1.176365247415174231e+00,2.000000000000000000e+00
3.752716184269280220e-01,2.138133057935186265e+00,1.000000000000000000e+00
3.436190271530094265e+00,1.080301254791766752e+00,2.000000000000000000e+00
-2.494765525045556931e-01,-9.127462036270328483e-01,3.000000000000000000e+00
1.439662383444301863e+00,-4.550488274303372549e-01,2.000000000000000000e+00
-1.957489994629077579e+00,4.849653002399461066e-01,3.000000000000000000e+00
5.650756095553974845e-01,2.677565551870094041e+00,1.000000000000000000e+00
3.238446559715685069e+00,-1.278462884168391378e+00,2.000000000000000000e+00
-9.760107631400680717e-01,7.424873771918583110e-01,3.000000000000000000e+00
1.932439026078458966e+00,3.285955857142889514e+00,1.000000000000000000e+00
-8.992233617681679725e-01,-2.229321322046389220e-01,3.000000000000000000e+00
3.845235835232923449e+00,3.538900786412626509e-01,2.000000000000000000e+00
6.906101980371941451e-01,-1.812481618589902643e+00,0.000000000000000000e+00
1.663526304568767600e+00,-1.098613932697259932e+00,2.000000000000000000e+00
3.497875042353584263e+00,2.374277500389021078e+00,2.000000000000000000e+00
-1.163820064225629780e+00,2.622452957850507360e-02,3.000000000000000000e+00
-4.610879011280126782e-01,2.831982248216991849e+00,1.000000000000000000e+00
2.907482044862472748e+00,3.417454269804701461e+00,2.000000000000000000e+00
1.579272487175502171e+00,-1.550203646918129063e+00,2.000000000000000000e+00
6.689547773657618102e-01,1.242792326519191803e+00,1.000000000000000000e+00
5.998041459354608307e-01,-4.314331994481901411e-01,0.000000000000000000e+00
1.798779879904135015e+00,3.114501646226479181e+00,1.000000000000000000e+00
-8.184739300117294114e-01,2.983440911009730634e+00,1.000000000000000000e+00
-1.514513371274878173e+00,8.076907307118004198e-01,3.000000000000000000e+00
-1.515192407469102109e+00,-6.843805729158976003e-01,3.000000000000000000e+00
6.974658325755442867e-01,3.456635011814945813e+00,1.000000000000000000e+00
1.643099657904700805e+00,6.309770549672375495e-01,2.000000000000000000e+00
-4.240153522811900277e-01,1.730476436544701180e+00,3.000000000000000000e+00
-1.157288840324160795e+00,-6.069861111459013969e-01,3.000000000000000000e+00
3.053755615603668261e+00,2.979661443838881318e+00,2.000000000000000000e+00
-1.094119267974164034e+00,1.893005495854226616e+00,3.000000000000000000e+00
3.647987269292576329e+00,-2.454541526338311908e-01,2.000000000000000000e+00
-7.067449118347430836e-01,-1.998851584580691787e+00,3.000000000000000000e+00
3.749840734638320683e+00,-1.166700167910442065e+00,2.000000000000000000e+00
3.936181979012575383e+00,2.757429157057993407e+00,2.000000000000000000e+00
-5.882692757176739562e-01,-1.580734615371210294e+00,3.000000000000000000e+00
2.294503481325606664e+00,2.974499553343218139e+00,2.000000000000000000e+00
9.833296182688493481e-01,3.411730742753909418e+00,1.000000000000000000e+00
-9.465197318529883219e-01,-1.074052584774007890e+00,3.000000000000000000e+00
2.453286087243863989e+00,2.753960794666352463e-01,2.000000000000000000e+00
2.021676652260349982e+00,3.215631385281448651e+00,1.000000000000000000e+00
2.052643005894102757e+00,-1.596555956021368905e+00,2.000000000000000000e+00
-1.279365545408714722e+00,8.837187441391849418e-01,3.000000000000000000e+00
-1.753064249957108522e+00,2.262827101649419248e+00,3.000000000000000000e+00
2.136971435247428275e+00,-1.980332401591999636e+00,2.000000000000000000e+00
2.005496179854575622e+00,2.113257118138818669e+00,2.000000000000000000e+00
1.139584788203791277e+00,2.853806792922485513e+00,1.000000000000000000e+00
2.242577184483713459e+00,-1.619554994918750213e+00,2.000000000000000000e+00
1.278844403383278205e+00,-1.437641550142036984e-01,2.000000000000000000e+00
-1.651038030955550573e+00,3.531634054530776723e+00,3.000000000000000000e+00
-1.652083997674219207e+00,-1.700336247167431258e+00,3.000000000000000000e+00
3.594300274899006276e+00,-1.317612031840399212e+00,2.000000000000000000e+00
-1.376664702375330229e+00,1.576598999395763645e+00,3.000000000000000000e+00
-4.850359551345986286e-01,3.319542810457651427e+00,1.000000000000000000e+00
3.062707199964226135e+00,3.093218839505409434e-01,2.000000000000000000e+00
-1.428950083555476480e+00,8.917114240650656498e-01,3.000000000000000000e+00
-1.928929249611865071e+00,-1.910383500286972014e+00,3.000000000000000000e+00
1.243486421487623339e+00,3.523772490820626047e+00,1.000000000000000000e+00
2.379475582564673175e+00,3.813149647205940518e+00,1.000000000000000000e+00
-7.431811935454601947e-01,-5.154812338342629197e-02,3.000000000000000000e+00
-5.568811138353542134e-01,-1.272275206121346036e+00,3.000000000000000000e+00
5.406386154161353375e-01,2.956667744536998654e+00,1.000000000000000000e+00
-1.085473631550726070e+00,-2.364875013881442278e-01,3.000000000000000000e+00
3.216930856998914123e-01,2.193196774038523422e+00,1.000000000000000000e+00
-5.335814557587537088e-01,1.962249932200230695e+00,3.000000000000000000e+00
3.560990558181671872e+00,3.742654725492739587e+00,2.000000000000000000e+00
-6.870643060704106908e-02,3.469208277952720465e+00,1.000000000000000000e+00
3.292334927698773228e+00,1.278392011038976595e+00,2.000000000000000000e+00
3.290022773565992154e+00,1.277431266087322825e+00,2.000000000000000000e+00
3.333646269616513891e+00,1.495969274323051046e+00,2.000000000000000000e+00
1.072455113602944099e+00,2.243375055527742745e+00,1.000000000000000000e+00
3.224419307843181315e+00,9.075401096694601932e-01,2.000000000000000000e+00
3.468149522209744262e+00,3.197584795219572840e+00,2.000000000000000000e+00
3.459232543940996329e+00,-4.051381073184685544e-01,2.000000000000000000e+00
3.252968298625579457e+00,2.205160072444524388e+00,2.000000000000000000e+00
2.661909544341465761e+00,-1.164270475710042607e+00,2.000000000000000000e+00
3.560880392132919070e-01,-1.861471523604254497e-01,3.000000000000000000e+00
2.735675799718180201e+00,3.239472792835300652e-01,2.000000000000000000e+00
2.655300906817225304e+00,7.182764521685420789e-01,2.000000000000000000e+00
1.753233363998478289e+00,-1.521460282492328675e+00,2.000000000000000000e+00
4.717811521605419500e-02,3.539730398860553073e+00,1.000000000000000000e+00
1.001297768499501473e+00,2.643843728585592245e+00,1.000000000000000000e+00
-1.392665455700039079e+00,2.138709018205194212e+00,3.000000000000000000e+00
2.915661754600345823e+00,1.951293446159556133e+00,2.000000000000000000e+00
-1.281716500978368201e+00,3.708780872095382541e+00,1.000000000000000000e+00
-1.815510075773999477e+00,-7.642286556391817420e-01,3.000000000000000000e+00
3.960172922286924191e-01,3.887416001219356154e+00,1.000000000000000000e+00
7.812338187579124238e-01,3.582834481369131296e+00,1.000000000000000000e+00
1.358789630252027258e+00,2.254516598636122637e+00,1.000000000000000000e+00
3.282365611714332942e+00,7.859765679418817541e-01,2.000000000000000000e+00
2.143368300276629057e+00,1.737847590463019287e+00,2.000000000000000000e+00
-6.351764425669335079e-01,-1.821911617227217839e+00,3.000000000000000000e+00
-1.011045701655337137e+00,3.320673173887463747e+00,1.000000000000000000e+00
-1.108573363657054944e+00,1.427376624771121705e-01,3.000000000000000000e+00
-9.620311139984560889e-02,6.883617095083058857e-01,3.000000000000000000e+00
-1.196933443550751264e+00,-2.830084247351660753e-01,3.000000000000000000e+00
1.995156333052779729e+00,2.594332012336760585e+00,2.000000000000000000e+00
3.532061351949674410e+00,-1.324591108189611788e+00,2.000000000000000000e+00
1.408313245676882985e+00,-7.742602278595267506e-02,2.000000000000000000e+00
2.029483004778383837e+00,-1.409279805249571194e+00,2.000000000000000000e+00
3.792049637348009483e+00,-3.660529037078426029e-01,2.000000000000000000e+00
2.459835076742880489e+00,3.181845519899239250e+00,2.000000000000000000e+00
1.913803108185700097e+00,2.191212925456742511e-02,2.000000000000000000e+00
2.264812548308956508e+00,1.122207498419042437e+00,2.000000000000000000e+00
5.194635600943895426e-01,-1.807606463747432501e+00,0.000000000000000000e+00
2.896408947119779143e+00,-5.831964613239579709e-01,2.000000000000000000e+00
-1.506305464835982821e+00,1.974224469728850906e+00,3.000000000000000000e+00
3.223698586464665006e+00,-1.011377376052456256e+00,2.000000000000000000e+00
3.610493886664297492e+00,-1.106335741817340290e+00,2.000000000000000000e+00
-1.335206943308286931e-01,3.825774930168002186e-03,3.000000000000000000e+00
-1.671903872431929949e+00,3.953421263248278805e+00,3.000000000000000000e+00
8.742517485390806087e-01,-1.584084716173362217e+00,0.000000000000000000e+00
1.436816088488886756e+00,3.777696195339300900e+00,1.000000000000000000e+00
1.562521383474264169e+00,3.842551863622317043e+00,1.000000000000000000e+00
2.192223879847604806e+00,1.179720120709166764e-01,2.000000000000000000e+00
2.650943276461424247e+00,1.656621344504084270e+00,2.000000000000000000e+00
3.977744875646807010e+00,1.586980640247426244e+00,2.000000000000000000e+00
1.199693790186358022e+00,1.709485711327251245e+00,1.000000000000000000e+00
9.338134084986067229e-01,3.566053279851736590e+00,1.000000000000000000e+00
3.498391969001984236e+00,1.297608474264202449e+00,2.000000000000000000e+00
3.240156979741963816e+00,-6.325525078892566544e-01,2.000000000000000000e+00
-8.532927144601936131e-01,-1.839132198194315837e+00,3.000000000000000000e+00
2.945427839159834527e+00,-9.625895735923897245e-01,2.000000000000000000e+00
-1.550117376191180174e-01,9.270985007182730442e-01,3.000000000000000000e+00
-1.941232516937928754e+00,3.168057599240700739e+00,3.000000000000000000e+00
7.264214276724141328e-01,1.068378792288374513e+00,1.000000000000000000e+00
1.086276030120515212e+00,1.600567656104679770e+00,1.000000000000000000e+00
1.138810412083978818e+00,-9.232893511745738913e-01,2.000000000000000000e+00
1.453089827789834310e+00,1.464988919614539142e+00,2.000000000000000000e+00
3.110010412033378913e+00,1.905013376937292335e+00,2.000000000000000000e+00
-4.275242806146255514e-01,3.391805841095143492e-01,3.000000000000000000e+00
-7.120684531287786445e-01,1.854948318327666712e+00,3.000000000000000000e+00
2.638391918153031312e+00,3.331578489379583452e+00,2.000000000000000000e+00
-1.521291768672760947e+00,-6.542879739340765610e-01,3.000000000000000000e+00
2.432080038243606523e+00,2.110099380823818649e+00,2.000000000000000000e+00
-1.530495965409181647e+00,-7.504351002465696752e-01,3.000000000000000000e+00
-1.838953439101532306e+00,-2.172304848682855560e-01,3.000000000000000000e+00
2.736457916566202186e+00,1.275550310946224730e+00,2.000000000000000000e+00
-1.512379301534294340e+00,2.083090689419062613e-01,3.000000000000000000e+00
3.735257068868107488e+00,2.332151171151910951e+00,2.000000000000000000e+00
1.232521119353994443e+00,2.949882532183307760e+00,1.000000000000000000e+00
-1.144232424537562576e+00,-7.149645102668580332e-01,3.000000000000000000e+00
3.318613454290626485e+00,1.795720412067196126e+00,2.000000000000000000e+00
-4.958549927893713960e-01,3.200249287509855378e-01,3.000000000000000000e+00
2.013052625020772979e+00,3.379237083374821538e+00,1.000000000000000000e+00
-1.512979115741974745e-02,3.047681362651841752e+00,1.000000000000000000e+00
3.805680250377529106e+00,1.638196358941586883e+00,2.000000000000000000e+00
-1.160996865785999477e+00,3.724751645448955983e+00,1.000000000000000000e+00
1.331120112470511430e+00,2.537864818447251203e+00,1.000000000000000000e+00
1.539780610642917047e+00,2.535573627199583235e-01,2.000000000000000000e+00
-1.610157730806782039e+00,-1.946531442686924684e+00,3.000000000000000000e+00
3.705584857953736488e+00,-5.691217525024843127e-01,2.000000000000000000e+00
-1.217005798697412544e+00,1.105331175105059849e-01,3.000000000000000000e+00
7.248725126848909461e-01,4.938271858588407781e-01,1.000000000000000000e+00
2.843006156691754605e+00,1.886788552854426815e+00,2.000000000000000000e+00
3.276239743582097574e+00,-9.251010678927973352e-01,2.000000000000000000e+00
3.286919256150881985e+00,3.293344268456948498e+00,2.000000000000000000e+00
-4.365850723674256084e-01,7.947416498181532063e-01,3.000000000000000000e+00
1.996878520867824136e-01,2.227252279651976252e+00,1.000000000000000000e+00
-1.345317654666023932e+00,2.682779091360786516e+00,3.000000000000000000e+00
1.278703074104974746e+00,1.688201555714035074e+00,1.000000000000000000e+00
-1.977971003448686371e-01,-1.694800362829756546e+00,0.000000000000000000e+00
-1.141559689935327748e+00,2.377481649863208979e+00,3.000000000000000000e+00
-1.786118665701893038e+00,8.805211941476036586e-01,3.000000000000000000e+00
1.804013484296639547e+00,2.302667898530851076e+00,2.000000000000000000e+00
-1.983237166226053949e+00,-1.988321634176202446e+00,3.000000000000000000e+00
7.432182958200153067e-01,-6.179982800722940706e-01,0.000000000000000000e+00
3.173899244868783498e+00,3.221689342857617433e+00,2.000000000000000000e+00
-1.891047248753285892e+00,1.904103325594897811e+00,3.000000000000000000e+00
-1.819899696877843143e+00,-1.288922885349655711e+00,3.000000000000000000e+00
-1.846559988010322062e+00,-1.886261906581876646e+00,3.000000000000000000e+00
3.733982504567379124e+00,1.133354677623877205e+00,2.000000000000000000e+00
-1.431689944711407536e+00,9.472467594890430220e-01,3.000000000000000000e+00
9.867756218289382986e-01,2.097403412912359322e+00,1.000000000000000000e+00
2.308657222529239661e+00,-8.106811835881331252e-01,2.000000000000000000e+00
-1.493067724832870313e+00,7.040880039845420768e-01,3.000000000000000000e+00
-6.945691013630808097e-01,-1.239246572099517385e+00,3.000000000000000000e+00
1.834314853670437451e+00,-1.348804587374585306e+00,2.000000000000000000e+00
-9.040203178042711674e-01,6.572551264079917743e-01,3.000000000000000000e+00
3.367963246056381976e+00,3.251286397792526373e+00,2.000000000000000000e+00
2.151774212908095230e-01,3.265932832867771474e+00,1.000000000000000000e+00
6.599586777162924633e-01,4.341888451301114671e-01,1.000000000000000000e+00
3.008785737822027073e+00,1.128003210101309328e+00,2.000000000000000000e+00
3.510144638638630354e+00,1.566044475054825913e+00,2.000000000000000000e+00
1.268299757381395221e+00,3.131687816679194825e+00,1.000000000000000000e+00
2.285570089528272675e+00,-7.808979141441843019e-01,2.000000000000000000e+00
2.511259867627007480e+00,-3.069986099724455464e-01,2.000000000000000000e+00
8.615531441804966661e-01,-9.584160415841038727e-01,0.000000000000000000e+00
1.800683585975732637e+00,2.310172834092349525e+00,2.000000000000000000e+00
2.920289733877106997e+00,-3.527731601299184394e-01,2.000000000000000000e+00
-1.786955728450343894e+00,6.146902145599586476e-02,3.000000000000000000e+00
2.984266561446714761e+00,-1.483538504684335901e+00,2.000000000000000000e+00
-1.948844456600439257e+00,3.620995528174010047e+00,3.000000000000000000e+00
1.708691324000524148e-01,-3.723361986787132594e-04,3.000000000000000000e+00
-1.306469138842901279e+00,3.781981438787381578e+00,1.000000000000000000e+00
2.881949079456459728e+00,-4.749546476232133774e-01,2.000000000000000000e+00
2.959602890627857974e+00,2.343449045042878431e+00,2.000000000000000000e+00
3.626657512910615999e+00,9.986314812517544937e-01,2.000000000000000000e+00
5.763679846065343781e-01,2.348537012610858454e-01,1.000000000000000000e+00
3.388390607066158466e+00,2.210987347145024984e+00,2.000000000000000000e+00
-1.645274016581136589e+00,-6.759429644876635557e-01,3.000000000000000000e+00
-1.377060888048984078e+00,3.405347925582995927e+00,3.000000000000000000e+00
1.435928396014116704e+00,2.772316088966505276e+00,1.000000000000000000e+00
-1.674539569290772523e+00,2.063881564300948490e+00,3.000000000000000000e+00
-8.168894353871865022e-01,3.792584086438153257e-01,3.000000000000000000e+00
-1.811461677712864482e-01,-1.742453702564003448e+00,0.000000000000000000e+00
2.020227468025084683e+00,7.988140519688586849e-01,2.000000000000000000e+00
1.032340833320074758e+00,2.437808640419962813e+00,1.000000000000000000e+00
2.890212876743800230e+00,3.512698418217645724e+00,2.000000000000000000e+00
2.598784089625146621e+00,-4.884501184036018628e-01,2.000000000000000000e+00
2.101355615264814958e+00,2.829648434492598064e+00,2.000000000000000000e+00
-4.406164464238946366e-01,-1.617865604241962352e+00,3.000000000000000000e+00
3.009254317955714519e+00,-1.131898538152962264e+00,2.000000000000000000e+00
2.942511166374382370e+00,-1.744470714382812870e+00,2.000000000000000000e+00
1.597705012800002322e+00,-1.133712746668047888e+00,2.000000000000000000e+00
-7.712096130725201171e-01,3.251128134314548390e+00,1.000000000000000000e+00
2.555659481625630391e+00,2.071611324030872225e+00,2.000000000000000000e+00
-1.243448589498782564e+00,1.251837126661195398e+00,3.000000000000000000e+00
3.389032792529206084e+00,1.869074520828513997e+00,2.000000000000000000e+00
2.430002390260705525e+00,3.941948074552284353e+00,1.000000000000000000e+00
3.489367129779460619e+00,3.005274226763348544e+00,2.000000000000000000e+00
2.793869195976271591e+00,2.070196641376316649e+00,2.000000000000000000e+00
-1.707577640977809841e+00,1.010374206391892571e+00,3.000000000000000000e+00
1.647416509971737053e+00,1.545414923251938077e+00,2.000000000000000000e+00
3.531489332762727251e+00,-3.968328043653595039e-01,2.000000000000000000e+00
1.347968189349188606e+00,-2.241688601702216399e-01,2.000000000000000000e+00
9.646099390303035648e-01,2.440287852562175175e-01,2.000000000000000000e+00
3.190241633781016439e+00,2.739647712922781864e+00,2.000000000000000000e+00
1.199778162622017419e+00,2.628276718097708908e+00,1.000000000000000000e+00
1.707384728741608626e+00,3.344388425390039998e+00,1.000000000000000000e+00
9.670516464643066357e-01,3.645519034251849533e+00,1.000000000000000000e+00
1.354465330018842284e+00,3.389628258267251226e+00,1.000000000000000000e+00
3.548865695923704600e+00,2.378460903563052398e+00,2.000000000000000000e+00
3.553047465011948347e+00,8.805813241779931744e-01,2.000000000000000000e+00
-1.826489729629351855e+00,3.018399859811762731e+00,3.000000000000000000e+00
-1.778070222646873200e+00,4.729480244591490745e-01,3.000000000000000000e+00
3.217440522103623302e+00,-6.106701822610685060e-01,2.000000000000000000e+00
1.649710232316761616e+00,-1.196991501855952045e+00,2.000000000000000000e+00
2.396322949443058015e+00,3.920796227553581481e+00,1.000000000000000000e+00
1.416961076078281589e+00,3.608529759606883047e+00,1.000000000000000000e+00
7.976169209488550571e-01,-1.908949479697097606e+00,0.000000000000000000e+00
3.286739901878016568e+00,2.788229946158941708e+00,2.000000000000000000e+00
2.677642245166588886e+00,2.134163306726806653e+00,2.000000000000000000e+00
-6.131444161649541869e-01,3.867906953425399585e+00,1.000000000000000000e+00
1.557595050056872488e+00,1.187450021174611070e+00,2.000000000000000000e+00
6.472139475214531146e-01,-1.647415137646898176e+00,0.000000000000000000e+00
2.356160796314210160e+00,2.112301636725208098e+00,2.000000000000000000e+00
-1.296837897833536868e+00,2.458820667329467469e+00,3.000000000000000000e+00
-9.622164403955260070e-01,3.553031324839821536e+00,1.000000000000000000e+00
1.453239478807240026e+00,-3.004307485420711910e-01,2.000000000000000000e+00
2.527995362217524189e+00,6.554060305275841714e-01,2.000000000000000000e+00
3.770683549958379288e+00,1.614718563336909884e+00,2.000000000000000000e+00
1.264986966966826998e+00,-1.740140122303496240e+00,0.000000000000000000e+00
-4.817850576646742766e-02,3.444166813251359649e+00,1.000000000000000000e+00
2.963447414056926021e+00,-9.390568242736467841e-01,2.000000000000000000e+00
-2.010430614864955334e-01,5.258875612637892161e-02,3.000000000000000000e+00
6.839313810175293717e-01,1.824348442228016509e+00,1.000000000000000000e+00
3.138306605697650298e+00,-9.855533511639831268e-01,2.000000000000000000e+00
-2.303278140634861249e-01,2.689924087903798444e+00,1.000000000000000000e+00
1.469212593017629409e+00,8.467439905382683207e-01,2.000000000000000000e+00
3.813998454658074522e+00,1.660887790847314971e+00,2.000000000000000000e+00
3.734910845479085140e+00,2.784370801667318318e+00,2.000000000000000000e+00
3.018112917547671081e+00,-1.001340387494817907e-01,2.000000000000000000e+00
1.361922752420943183e-01,4.726184904178576396e-01,3.000000000000000000e+00
1.923365497693573900e+00,3.824855965779197398e+00,1.000000000000000000e+00
1.498345723385380523e+00,-1.070980506568500745e+00,2.000000000000000000e+00
-1.340974653732744271e+00,3.182049560915705122e+00,3.000000000000000000e+00
-1.323505322705043952e+00,2.385697995750089007e+00,3.000000000000000000e+00
-1.544468506761322635e+00,1.002688038602815190e+00,3.000000000000000000e+00
2.046446993990356233e+00,8.062385676191250461e-01,2.000000000000000000e+00
1.795289690218232703e+00,2.113733833753509650e+00,2.000000000000000000e+00
-6.408062621142736059e-01,2.663505111541494053e+00,1.000000000000000000e+00
-1.830838913987628880e+00,2.357159202723312141e+00,3.000000000000000000e+00
3.484745458771104865e+00,3.749269779781019274e+00,2.000000000000000000e+00
-7.008685231366966750e-01,-1.215697389035805598e+00,3.000000000000000000e+00
5.170874577705588671e-01,1.820757710423348108e+00,1.000000000000000000e+00
-2.332274868180930216e-01,2.165709697208670903e-01,3.000000000000000000e+00
-3.853851719349381533e-01,3.956066347940556227e+00,1.000000000000000000e+00
-6.213522935178805717e-02,3.198200353915094496e+00,1.000000000000000000e+00
1.339425571605163512e+00,-7.803022208734329279e-01,2.000000000000000000e+00
1.424677350656100572e-01,2.227545603495694415e+00,1.000000000000000000e+00
3.126957145916390957e+00,-1.449446563020122980e+00,2.000000000000000000e+00
-1.172295127797243319e+00,-9.044776056934722419e-02,3.000000000000000000e+00
2.916496139110881458e+00,-1.031719017920222026e+00,2.000000000000000000e+00
2.078470316144258589e+00,2.359366806147713547e+00,2.000000000000000000e+00
-1.353236977237146865e+00,2.850605578348832658e+00,3.000000000000000000e+00
1.821766340629122460e+00,4.213853064028327822e-01,2.000000000000000000e+00
-8.632889308895617120e-01,-6.863180876242471751e-01,3.000000000000000000e+00
1.697640282358098940e+00,2.450637468432427468e+00,1.000000000000000000e+00
-1.773240425061531900e+00,-3.718202995698651758e-01,3.000000000000000000e+00
-1.155336372145266077e+00,3.320706715801323483e+00,1.000000000000000000e+00
1.295186410142825650e+00,2.661863771034166604e+00,1.000000000000000000e+00
2.806291291868898696e-01,-3.893327509780544204e-01,3.000000000000000000e+00
-4.396913987825310510e-01,9.172726336468768338e-01,3.000000000000000000e+00
-1.998492421511933737e+00,3.715227222184847022e-01,3.000000000000000000e+00
5.760954970985547874e-01,3.207578640852130292e+00,1.000000000000000000e+00
1.118647662014500721e+00,9.897280629715949907e-01,2.000000000000000000e+00
2.091728569094711609e+00,1.976840229797889315e-01,2.000000000000000000e+00
-1.830658315973014538e+00,4.869605607691651628e-01,3.000000000000000000e+00
3.827623701872770567e+00,1.859614058610723486e+00,2.000000000000000000e+00
-1.684642173551199384e+00,5.057294295073155865e-02,3.000000000000000000e+00
2.664546602045486878e+00,9.153865800747675863e-01,2.000000000000000000e+00
2.454706007403437695e-01,1.060484985901338106e+00,1.000000000000000000e+00
-1.351472500089568651e+00,1.060454617312890591e+00,3.000000000000000000e+00
1.079979428561634869e+00,1.546128536775570161e+00,1.000000000000000000e+00
-4.385359315507129097e-01,2.017171633837913092e+00,1.000000000000000000e+00
1.585316217163629915e+00,4.832716787196211783e-03,2.000000000000000000e+00
-1.408252819004893741e-01,1.577204853415774988e+00,1.000000000000000000e+00
2.597609162566845598e+00,-1.210703958097206989e+00,2.000000000000000000e+00
3.063772895900823023e+00,7.840755298476187463e-01,2.000000000000000000e+00
-1.074005907338372534e+00,1.073346539244379727e-01,3.000000000000000000e+00
7.095517080737039350e-01,1.381115719532623576e+00,1.000000000000000000e+00
-9.838004063941869770e-01,3.559076707703765052e+00,1.000000000000000000e+00
-6.180699863264145222e-01,3.916803454412098873e-01,3.000000000000000000e+00
1.065181455800303212e+00,-9.462532460559671676e-01,2.000000000000000000e+00
1.534628424160560556e+00,9.548663685363507625e-01,2.000000000000000000e+00
9.092340286714533093e-01,-9.792609059384158599e-01,0.000000000000000000e+00
4.810135533927164531e-01,1.609041411330449201e+00,1.000000000000000000e+00
3.381642102992556964e+00,-1.663082517362757251e-02,2.000000000000000000e+00
-1.673298257803981226e+00,2.856075423891768494e+00,3.000000000000000000e+00
1.586932155188901739e+00,2.363648339337026449e+00,1.000000000000000000e+00
-1.295005336810897578e+00,1.019198189632541940e-01,3.000000000000000000e+00
3.519023099931803955e-01,3.048719877477710227e+00,1.000000000000000000e+00
-5.292147344713258317e-01,7.559961193187545447e-01,3.000000000000000000e+00
-6.211573627394118002e-01,-8.406980617014820911e-01,3.000000000000000000e+00
2.930387839577402787e+00,2.054032269668557120e+00,2.000000000000000000e+00
6.178721574030561214e-01,1.730280562216604423e+00,1.000000000000000000e+00
1.326672261390726248e+00,-1.132656908408064211e+00,2.000000000000000000e+00
-1.965399422655608186e+00,2.462828555803109332e+00,3.000000000000000000e+00
8.716387904650773066e-01,2.561000222782345404e+00,1.000000000000000000e+00
-3.964199145729820906e-01,2.151494154245036761e+00,1.000000000000000000e+00
8.333728748745414805e-01,-1.804394656750115677e+00,0.000000000000000000e+00
3.303356599533603166e+00,2.321481530610017607e+00,2.000000000000000000e+00
-1.116530702956374688e+00,1.320166536329404394e+00,3.000000000000000000e+00
-1.397454276325714950e+00,1.786601483315133354e+00,3.000000000000000000e+00
-1.503743478960370750e+00,3.515253352337376569e+00,3.000000000000000000e+00
3.423193426978732745e+00,8.586272079249877009e-01,2.000000000000000000e+00
2.028973957353246149e-01,3.331555912710980394e+00,1.000000000000000000e+00
1.065451403838030942e+00,-1.659540285623422706e+00,0.000000000000000000e+00
1.524677514064119777e+00,2.257968073462293113e+00,1.000000000000000000e+00
1.037667781622898744e+00,5.172580224834857354e-01,2.000000000000000000e+00
3.218641853528916741e+00,1.940677865133512370e+00,2.000000000000000000e+00
4.410691330783933495e-02,-1.853589773256439477e+00,0.000000000000000000e+00
-1.314114579874334776e+00,-3.732005944240612827e-02,3.000000000000000000e+00
2.086100200695170770e+00,2.367094894030483232e+00,2.000000000000000000e+00
-7.123329309091901429e-01,-8.227246636499494503e-01,3.000000000000000000e+00
-1.822135027440772159e-01,1.356440614882678197e+00,3.000000000000000000e+00
2.856773263038809851e+00,-4.384891633793759347e-01,2.000000000000000000e+00
1.961897374525904070e+00,8.041919379590720673e-01,2.000000000000000000e+00
1.066989907749721134e+00,7.578150973267572255e-02,2.000000000000000000e+00
1.781480020211713367e+00,-1.830021879959401021e+00,2.000000000000000000e+00
9.031572459427872346e-01,-1.089937092078225866e+00,0.000000000000000000e+00
-1.582450176762808747e+00,-5.646850784289501046e-01,3.000000000000000000e+00
3.083149376657687846e+00,3.025587965489576980e+00,2.000000000000000000e+00
9.081033425028195438e-02,-1.222643382481488183e+00,0.000000000000000000e+00
-3.272845108315951546e-01,3.743282876060753495e+00,1.000000000000000000e+00
3.015623197947418177e+00,3.543195914432248017e+00,2.000000000000000000e+00
-1.287343323272398088e+00,1.663976404020671040e+00,3.000000000000000000e+00
2.016003045732533749e+00,-1.134700617050483418e+00,2.000000000000000000e+00
1.007148830907421910e+00,2.725262608771884310e+00,1.000000000000000000e+00
2.324786844175632972e+00,-7.940378042051325913e-01,2.000000000000000000e+00
-6.475992891904405191e-01,6.466490368601069960e-01,3.000000000000000000e+00
-1.590444063393519070e-01,-1.865890390977924085e+00,0.000000000000000000e+00
3.440203185114131479e+00,2.629183763900938331e+00,2.000000000000000000e+00
-3.970227927091727338e-01,3.067448793006525953e+00,1.000000000000000000e+00
3.323716320740176755e+00,1.477103630502819787e+00,2.000000000000000000e+00
4.589422097767492659e-02,4.475241345733893539e-02,3.000000000000000000e+00
3.533864590400401795e+00,1.148043645311687122e+00,2.000000000000000000e+00
-1.683870546569421700e+00,9.766890796407645681e-01,3.000000000000000000e+00
3.576914673392532329e+00,1.801755703467462055e+00,2.000000000000000000e+00
2.360746994495649176e+00,1.946743765068735144e+00,2.000000000000000000e+00
1.828032895180468742e+00,-1.402118759882469368e+00,2.000000000000000000e+00
-1.621484445665666518e+00,-1.339971922827239981e+00,3.000000000000000000e+00
1.435321250712410013e+00,4.118322860628964577e-03,2.000000000000000000e+00
1.738637819566767106e+00,2.116161028280671985e-01,2.000000000000000000e+00
1.038557218060734755e+00,2.206770748683990924e+00,1.000000000000000000e+00
1.563895278458249827e+00,1.192764215730345079e+00,2.000000000000000000e+00
-9.676434955634440893e-01,7.860201519682403770e-01,3.000000000000000000e+00
3.422927701249232513e+00,1.200927383545753457e+00,2.000000000000000000e+00
1.824839033951223932e+00,2.949928970694176478e+00,1.000000000000000000e+00
1.003314840085299586e+00,-1.778262532641803118e+00,0.000000000000000000e+00
-1.422684517267743365e+00,-1.767098212899859799e+00,3.000000000000000000e+00
3.537492045730257217e+00,6.197235815079285004e-01,2.000000000000000000e+00
1.885919594957016443e+00,3.912785967936917686e+00,1.000000000000000000e+00
2.444171133120294215e+00,-1.054182432609179543e+00,2.000000000000000000e+00
6.285698137243165284e-01,-1.497073199281262479e-01,2.000000000000000000e+00
-1.095425019998045091e+00,5.906317283509787686e-01,3.000000000000000000e+00
1.490088090762855977e+00,-9.847793401985562856e-01,2.000000000000000000e+00
-1.973560916372290697e+00,-1.879946222312687265e+00,3.000000000000000000e+00
5.491330864888732677e-01,1.609910827409025025e+00,1.000000000000000000e+00
-1.970606647814867163e+00,3.128075657792316555e+00,3.000000000000000000e+00
1.293567384949804833e+00,3.642913902669926429e+00,1.000000000000000000e+00
-4.572694751027741589e-01,-9.948677766037627990e-02,3.000000000000000000e+00
-1.424008367612535686e+00,2.779994816036164273e-01,3.000000000000000000e+00
-9.397409555926001801e-01,5.072091899188961861e-01,3.000000000000000000e+00
3.880678450822927950e+00,1.010015549301510607e+00,2.000000000000000000e+00
-1.964160752844814173e+00,-1.364986006928511131e+00,3.000000000000000000e+00
3.879596410500695924e+00,3.488676634634345852e+00,2.000000000000000000e+00
1.236189820860889022e+00,1.023688541083629389e+00,2.000000000000000000e+00
-1.739674447042141692e+00,-1.006982497119334630e+00,3.000000000000000000e+00
-3.388869436810904023e-01,1.663582012265778065e+00,3.000000000000000000e+00
3.409522381073275987e+00,1.233446289010939445e+00,2.000000000000000000e+00
-8.579302244326125759e-01,-1.817645072296051545e+00,3.000000000000000000e+00
-5.346526679102965307e-01,1.022118011443696517e+00,3.000000000000000000e+00
-1.595195827642989395e+00,2.760718780341616885e+00,3.000000000000000000e+00
3.473361091186637495e+00,2.675065778528256111e+00,2.000000000000000000e+00
3.582591593460224821e+00,-1.707740918230559402e+00,2.000000000000000000e+00
1.205666649865809958e+00,2.080962091985782081e+00,1.000000000000000000e+00
2.154721269875473411e+00,-1.191500829150055729e+00,2.000000000000000000e+00
-9.875318377279476145e-01,2.517249935123031079e+00,3.000000000000000000e+00
1.360566624822228121e-01,7.659367160470980096e-01,1.000000000000000000e+00
3.256078615870736215e+00,2.734062544237164438e+00,2.000000000000000000e+00
1.504706388707214959e+00,1.313436838699004738e+00,2.000000000000000000e+00
-9.615155267487445201e-01,-1.196288310182597847e+00,3.000000000000000000e+00
2.660570458217503820e+00,2.733402159455515346e+00,2.000000000000000000e+00
4.573318909265911003e-01,2.306644049269284125e-01,1.000000000000000000e+00
1.333883646720754435e+00,1.794413089026456465e+00,1.000000000000000000e+00
7.127527608294097483e-01,4.433847569985349679e-02,2.000000000000000000e+00
-9.344477738509373577e-01,-7.713364812085068412e-01,3.000000000000000000e+00
1.758379882602964184e+00,1.343529967894278254e+00,2.000000000000000000e+00
-1.652136661550331898e-01,1.210629947795180961e+00,3.000000000000000000e+00
3.160117729454952951e+00,2.555030708348168034e+00,2.000000000000000000e+00
7.796987474370737914e-01,-1.284946658865055102e+00,0.000000000000000000e+00
-1.473568835696104529e+00,-8.884537264120830891e-01,3.000000000000000000e+00
-1.051624273292188771e-01,2.123281806449274001e+00,1.000000000000000000e+00
-1.324056199050435145e+00,1.622785004787261176e+00,3.000000000000000000e+00
1.706227466150875838e+00,3.545652062779582891e+00,1.000000000000000000e+00
3.898833643287950679e+00,-2.290308340742071014e-01,2.000000000000000000e+00
-1.841593972214643937e+00,-7.332143141047797741e-02,3.000000000000000000e+00
2.619150901671689624e+00,1.862675299415066377e-01,2.000000000000000000e+00
6.360137846996751776e-01,5.012370781319095414e-01,1.000000000000000000e+00
3.791570622144286418e+00,2.189165839904299915e+00,2.000000000000000000e+00
-6.338341731319521166e-01,-1.804547427404480597e+00,3.000000000000000000e+00
3.429887280354045664e+00,3.996488080819903033e+00,2.000000000000000000e+00
1.789619497031813999e+00,-3.156183670604462144e-01,2.000000000000000000e+00
-1.269783530556333639e+00,3.474831209505744312e+00,3.000000000000000000e+00
-6.477477166390837038e-01,-2.020789315086932714e-01,3.000000000000000000e+00
1.606506202604338629e+00,1.351485943444288296e+00,2.000000000000000000e+00
-1.597253289429858558e+00,1.902458711380156764e+00,3.000000000000000000e+00
3.227939749094739241e-01,-5.176352381766693433e-01,0.000000000000000000e+00
3.643564811651687663e+00,1.583118209759528661e-01,2.000000000000000000e+00
5.491458809607001612e-01,7.962821292372446180e-01,1.000000000000000000e+00
9.557563581243782025e-01,2.218949417929360735e+00,1.000000000000000000e+00
7.782264608085771584e-01,1.261305808026129238e+00,1.000000000000000000e+00
-1.967224420840046450e+00,-3.414573999799512816e-01,3.000000000000000000e+00
1.611346617302331197e+00,3.013689557801223273e+00,1.000000000000000000e+00
1.685908154955805038e+00,2.901288587130050445e+00,1.000000000000000000e+00
1.622301453518826708e+00,-9.824347980614758225e-01,2.000000000000000000e+00
2.760180050923097816e+00,-1.552240619013836476e+00,2.000000000000000000e+00
3.892598044286534886e-01,1.008705038648007424e+00,1.000000000000000000e+00
3.897967661788925398e+00,2.155430254660124945e+00,2.000000000000000000e+00
3.400187243923616265e+00,3.895626564271664982e+00,2.000000000000000000e+00
2.615194854536651015e+00,1.710031486314669280e+00,2.000000000000000000e+00
3.528917966649656179e-01,2.198594586355591574e+00,1.000000000000000000e+00
1.697149045114184851e+00,-1.349726265144105319e+00,2.000000000000000000e+00
2.589310582441795461e+00,1.586928231972782211e+00,2.000000000000000000e+00
-8.009814805298141049e-01,-1.978557043026783813e+00,3.000000000000000000e+00
3.466402443588588511e+00,1.382003324579516246e+00,2.000000000000000000e+00
6.495870961576644120e-01,1.939626631944861401e+00,1.000000000000000000e+00
-1.304563132749269050e+00,3.470919827075790387e+00,3.000000000000000000e+00
-5.760034812515899549e-01,2.373227312589381910e+00,1.000000000000000000e+00
2.680555966855572514e+00,-1.680945250407354985e+00,2.000000000000000000e+00
-8.577487299347485994e-02,2.660658792157382990e+00,1.000000000000000000e+00
3.059848122557319527e+00,-9.157993263597705713e-01,2.000000000000000000e+00
7.690281699383350045e-01,8.755754922657397188e-01,1.000000000000000000e+00
2.313788381500799574e+00,3.933788935548975907e+00,1.000000000000000000e+00
2.933407419058889687e+00,6.188599311678455450e-01,2.000000000000000000e+00
3.784997882925300594e+00,-5.408027331628282308e-01,2.000000000000000000e+00
-4.215948685325396905e-01,1.866246146955609753e+00,1.000000000000000000e+00
-1.001431856504413132e+00,1.254692614637832548e+00,3.000000000000000000e+00
2.689112104656944169e+00,2.297334417374434778e+00,2.000000000000000000e+00
-1.913425013268248209e+00,-7.103336613257236198e-01,3.000000000000000000e+00
6.215867474360363687e-01,3.732518522048509091e+00,1.000000000000000000e+00
-5.711979168527148154e-02,-1.823268389581898408e+00,0.000000000000000000e+00
4.994532375306763861e-01,-8.957537732772160588e-01,0.000000000000000000e+00
-9.730030497419888125e-01,1.320575878276868398e+00,3.000000000000000000e+00
2.266419810887682296e+00,-1.362764557273930199e+00,2.000000000000000000e+00
1.677449675380201288e+00,-8.327369282596088773e-01,2.000000000000000000e+00
2.563057616488704227e+00,3.717089983518477858e+00,2.000000000000000000e+00
1.562811451778357785e+00,3.917086639918244018e+00,1.000000000000000000e+00
3.031832426978279038e+00,3.325644879171041346e+00,2.000000000000000000e+00
3.324288151007324998e+00,7.467412758959328656e-01,2.000000000000000000e+00
-1.571710307868644518e+00,-8.132383566888019555e-01,3.000000000000000000e+00
3.725873820473277753e-01,-1.377719660803222723e+00,0.000000000000000000e+00
3.327654301032360706e+00,-1.369961454983001925e+00,2.000000000000000000e+00
-1.560333608118920301e+00,1.240278100018538332e+00,3.000000000000000000e+00
3.241514010855899741e+00,-1.688222312647211565e+00,2.000000000000000000e+00
-1.775074522800685228e+00,3.546918252193931309e+00,3.000000000000000000e+00
3.108824053597928128e+00,-7.078934308615612014e-01,2.000000000000000000e+00
-1.326590165225399520e+00,8.730674318348095042e-01,3.000000000000000000e+00
6.825104399347861062e-01,2.984501157421808770e+00,1.000000000000000000e+00
-1.713146958365578287e+00,-1.237615532685715669e+00,3.000000000000000000e+00
-1.232160611409614637e+00,1.840478518050346679e+00,3.000000000000000000e+00
3.368409787009448486e+00,2.070517592225476378e+00,2.000000000000000000e+00
2.571770337712373511e+00,2.352808109135766657e+00,2.000000000000000000e+00
2.897616728054162039e+00,3.022163056764021860e+00,2.000000000000000000e+00
-1.059780243721252679e+00,-1.548993325532028065e+00,3.000000000000000000e+00
1.020003759149388678e+00,-6.746783115499255246e-01,2.000000000000000000e+00
8.935525614934127780e-01,3.571013524959645302e+00,1.000000000000000000e+00
6.943568674985174383e-01,1.494237641051912036e-01,2.000000000000000000e+00
1.600023715748739583e+00,-8.300313654570392607e-01,2.000000000000000000e+00
3.629151023384933339e-01,3.254747903977974310e+00,1.000000000000000000e+00
-1.053406848930891426e+00,3.079731883054388497e+00,3.000000000000000000e+00
-1.333487090100239580e+00,2.334737522987664349e+00,3.000000000000000000e+00
2.075792805586909928e+00,4.126318226203444794e-01,2.000000000000000000e+00
2.080598245279130509e+00,1.314831733184004037e+00,2.000000000000000000e+00
5.988889219578319434e-01,-2.458298704341288499e-02,2.000000000000000000e+00
7.047874048701885386e-01,4.222861241797262188e-01,1.000000000000000000e+00
1.157408638064659101e+00,-1.645568128906604644e+00,0.000000000000000000e+00
2.965005860883247912e+00,-5.694447215084061931e-01,2.000000000000000000e+00
-5.043785169559944492e-01,-2.263985568058712872e-02,3.000000000000000000e+00
2.336335773287687267e+00,3.648767154230635690e+00,2.000000000000000000e+00
3.008552277355978966e+00,-4.824151352904948453e-01,2.000000000000000000e+00
-1.397220001237344800e+00,3.207654673656264777e+00,3.000000000000000000e+00
3.476845785625938490e+00,4.325857785315290194e-01,2.000000000000000000e+00
2.048344320360703463e+00,2.080410437063219931e+00,2.000000000000000000e+00
1.878681424666963196e+00,-2.417498848321322225e-01,2.000000000000000000e+00
1.057649196942413994e+00,2.678221123685618821e+00,1.000000000000000000e+00
-1.099184438178776979e+00,-6.980875131216974783e-01,3.000000000000000000e+00
-1.555032176873890393e+00,2.817490263526199357e+00,3.000000000000000000e+00
4.673355663823937078e-01,1.581002734802071430e+00,1.000000000000000000e+00
1.907408093636687063e+00,1.895874562183379908e+00,2.000000000000000000e+00
2.245213686777052686e+00,6.147429265515134134e-01,2.000000000000000000e+00
3.013897511057549217e+00,-9.572871593075735763e-01,2.000000000000000000e+00
-1.467251833582097209e+00,-1.073672684981251901e+00,3.000000000000000000e+00
3.202337205735792836e+00,1.751229514895627837e+00,2.000000000000000000e+00
2.787703309465703327e-01,3.363863651805967692e+00,1.000000000000000000e+00
1.910192690640307944e+00,-4.652737591689564134e-01,2.000000000000000000e+00
1.341764913776138712e+00,3.908143684624764802e+00,1.000000000000000000e+00
2.709618499505471512e+00,3.012224936556384236e+00,2.000000000000000000e+00
7.798735913392018659e-02,1.704503534813269106e+00,1.000000000000000000e+00
9.076884522280788126e-01,2.942616574178531508e-01,2.000000000000000000e+00
3.534796416675275665e+00,1.623440289483411014e+00,2.000000000000000000e+00
-1.410564183588295162e+00,-6.287068149214856128e-01,3.000000000000000000e+00
5.040219464815356432e-01,2.137455311179911277e+00,1.000000000000000000e+00
-1.946979848726765105e+00,4.290882936234461376e-01,3.000000000000000000e+00
-6.662660585170407934e-01,1.538657358069843717e-01,3.000000000000000000e+00
-1.525916736180812805e+00,3.488198970196833670e+00,3.000000000000000000e+00
3.869407902990718462e+00,6.452817433819380000e-01,2.000000000000000000e+00
2.843978192929754734e+00,3.001664271297248554e+00,2.000000000000000000e+00
2.384028264223573501e+00,7.570219564179874183e-01,2.000000000000000000e+00
3.349046646464137744e+00,-1.302826234400314975e+00,2.000000000000000000e+00
-1.305453356952832600e+00,1.749433461104590748e+00,3.000000000000000000e+00
3.012104757368516239e+00,-1.889082012838008362e+00,2.000000000000000000e+00
1.411607492659274321e+00,3.430173215961115574e+00,1.000000000000000000e+00
3.706237278089444587e+00,-1.008848246527216608e+00,2.000000000000000000e+00
2.151226490824908133e+00,2.227982992928409622e+00,2.000000000000000000e+00
-4.226408688668099600e-01,1.299320396254560972e+00,3.000000000000000000e+00
1.401992302408969771e+00,2.507610747695210307e-01,2.000000000000000000e+00
1.341418282133886031e+00,-1.787157370707705972e+00,0.000000000000000000e+00
1.489307249776626207e+00,3.591568327459672361e+00,1.000000000000000000e+00
2.465178864868410535e+00,-2.004456047327205503e-01,2.000000000000000000e+00
1.941535875822416379e+00,6.951847150216421412e-01,2.000000000000000000e+00
2.773999028795968158e+00,2.423855208219483082e+00,2.000000000000000000e+00
1.217356002205540300e+00,-8.630998122069355460e-02,2.000000000000000000e+00
-4.896549696051302192e-01,2.502004428612361941e+00,1.000000000000000000e+00
3.387406718222196744e-02,1.441802666055562288e+00,1.000000000000000000e+00
2.664946864163314721e+00,-1.301484488083527680e+00,2.000000000000000000e+00
2.117222552847681349e+00,-5.052994516797102431e-01,2.000000000000000000e+00
3.808942003364750306e+00,3.245081514957259827e+00,2.000000000000000000e+00
2.630879851252023727e-01,1.104828131761398602e+00,1.000000000000000000e+00
-2.292130590034557880e-01,3.212062384083180788e-02,3.000000000000000000e+00
-3.524167531400781428e-01,-7.526121414305717572e-01,3.000000000000000000e+00
3.839486575652349742e+00,-1.612619744567118651e+00,2.000000000000000000e+00
-1.070464359858876779e+00,-1.149773561211331341e+00,3.000000000000000000e+00
4.004695590911944159e-01,7.836491550496926806e-02,3.000000000000000000e+00
-6.691458371823857387e-01,-1.804099977819730638e+00,3.000000000000000000e+00
-1.316243933996126492e+00,-1.319690229765009937e+00,3.000000000000000000e+00
-8.045640434163885413e-01,-1.465872168142251075e+00,3.000000000000000000e+00
-1.139889986652919962e+00,-1.322711722578667093e+00,3.000000000000000000e+00
-7.416677367922079878e-01,-1.015313547488752022e+00,3.000000000000000000e+00
-2.625837778069239903e-03,1.586586774089411733e+00,1.000000000000000000e+00
2.527413043689724859e+00,-6.177994314087302818e-01,2.000000000000000000e+00
-6.730353146700065459e-01,2.667383819554994595e+00,1.000000000000000000e+00
7.908268119093033732e-01,3.759199794374776360e+00,1.000000000000000000e+00
2.905970111131050970e-01,3.716158597918308715e+00,1.000000000000000000e+00
2.098548503872548210e-01,6.610235963746262655e-01,1.000000000000000000e+00
1.215667754139903245e+00,2.370554504401695795e+00,1.000000000000000000e+00
3.068528844328532124e+00,9.377358602904362073e-02,2.000000000000000000e+00
-1.476335619719879366e+00,3.225601140014295432e+00,3.000000000000000000e+00
3.866642319570933850e+00,1.185922348266805315e+00,2.000000000000000000e+00
1.603977575453261917e+00,-1.306951089376735542e-01,2.000000000000000000e+00
3.603865263295517707e+00,-4.031587852902129843e-01,2.000000000000000000e+00
-1.506183512152765580e-01,-1.202081043345591072e+00,3.000000000000000000e+00
9.469248474150613326e-01,2.554736656013883334e+00,1.000000000000000000e+00
1.796326125488096892e+00,2.451905481907466822e+00,2.000000000000000000e+00
2.425600319448472320e+00,6.022031768778632888e-01,2.000000000000000000e+00
2.204848293335780696e+00,2.675210639757384712e+00,2.000000000000000000e+00
2.330060738233644457e+00,1.924201755947356318e+00,2.000000000000000000e+00
9.354828298729369607e-01,7.923096096505943819e-02,2.000000000000000000e+00
9.358973506268970510e-01,1.076937461377627692e+00,1.000000000000000000e+00
3.213050045297485724e+00,3.059819757890345215e-01,2.000000000000000000e+00
-1.234161461287764272e+00,1.602350988706056967e+00,3.000000000000000000e+00
3.905467211866573862e+00,1.231950123360422644e+00,2.000000000000000000e+00
-1.776070221238740476e+00,2.618470123043926456e+00,3.000000000000000000e+00
3.442090886481879330e+00,2.044485092859567033e+00,2.000000000000000000e+00
1.234312935114747489e+00,-1.939140717661453905e+00,0.000000000000000000e+00
-1.489779387157321500e+00,3.586291214237821379e+00,3.000000000000000000e+00
-1.615387100369194862e+00,2.029436522087577188e+00,3.000000000000000000e+00
4.895588016278473731e-02,1.588689992807283069e+00,1.000000000000000000e+00
3.202068047788257488e+00,-5.891532513594734954e-01,2.000000000000000000e+00
1.749647752160814029e+00,-2.979039688920033235e-01,2.000000000000000000e+00
4.224260924126932437e-01,-3.332739740150971741e-01,0.000000000000000000e+00
-9.024394545279816882e-01,3.874376952487826209e+00,1.000000000000000000e+00
1.157459608570594156e+00,-5.128035559006605126e-02,2.000000000000000000e+00
1.940596104269681987e+00,3.618037436111110949e+00,1.000000000000000000e+00
1.408652867481811732e+00,8.570805653702455729e-01,2.000000000000000000e+00
-5.225145468858354292e-01,-3.308836987536845076e-01,3.000000000000000000e+00
8.307238650162194205e-01,1.033932794146717793e+00,1.000000000000000000e+00
-6.844211667998718607e-01,9.999102909258961169e-01,3.000000000000000000e+00
2.757533176037044065e+00,-1.327190106966809502e+00,2.000000000000000000e+00
-1.321439160017583436e-01,3.385878481668430418e+00,1.000000000000000000e+00
-6.041962554307418465e-01,-6.999993902390988509e-02,3.000000000000000000e+00
-1.081841800489312444e+00,1.660303249620108446e+00,3.000000000000000000e+00
-1.904244704089897100e+00,1.197944756168552338e+00,3.000000000000000000e+00
-1.372199498302750786e+00,4.476920711570606670e-01,3.000000000000000000e+00
-1.545977786847741120e+00,6.823532569645873735e-01,3.000000000000000000e+00
6.087298356102097685e-01,-1.716944859711795113e+00,0.000000000000000000e+00
2.633114456345557741e+00,-1.177788829262149228e+00,2.000000000000000000e+00
-8.803437118114345594e-01,-5.922431890410746469e-01,3.000000000000000000e+00
7.130772793491972905e-01,1.298179346391914457e+00,1.000000000000000000e+00
2.307890116374471390e+00,2.463296659130469024e+00,2.000000000000000000e+00
1.340968456802450248e+00,3.920649310310559521e+00,1.000000000000000000e+00
-1.464448818300074784e-01,3.253127757137834308e+00,1.000000000000000000e+00
2.900780834801761188e+00,-1.897413615640451079e+00,2.000000000000000000e+00
3.839893050724445089e+00,4.831423678460957660e-01,2.000000000000000000e+00
3.940699524947490318e+00,3.854558671521932212e+00,2.000000000000000000e+00
6.327834595589543198e-02,1.312372697404838640e+00,1.000000000000000000e+00
2.263511620586184492e+00,-3.032162702391416609e-01,2.000000000000000000e+00
1.198798298258463291e-01,4.863182643560826079e-02,3.000000000000000000e+00
6.331217590284041741e-01,4.275581072878158473e-01,1.000000000000000000e+00
2.513258736733336107e+00,7.380743505694193907e-01,2.000000000000000000e+00
2.757086814591230173e+00,9.225199487724271563e-01,2.000000000000000000e+00
3.750313671583903385e+00,-8.634400163688038532e-02,2.000000000000000000e+00
1.260111341350923730e+00,1.603843108223565572e+00,1.000000000000000000e+00
-1.307481417576042748e+00,2.122742026920867886e+00,3.000000000000000000e+00
1.345446097864754442e+00,-1.617749768945450972e+00,2.000000000000000000e+00
2.959971944268438904e+00,-9.761784366266512691e-01,2.000000000000000000e+00
1.816121029255045372e+00,2.105059230143710991e-01,2.000000000000000000e+00
-1.749254009588613101e+00,-1.265865839103328172e+00,3.000000000000000000e+00
-5.460587960535321361e-01,-1.104364542372432645e+00,3.000000000000000000e+00
3.328328172863857404e+00,1.507749771136048800e+00,2.000000000000000000e+00
1.290143628230875361e+00,-3.190093297985776566e-01,2.000000000000000000e+00
-9.089502975844530042e-01,1.853417925562652613e-01,3.000000000000000000e+00
3.480532932643471966e-01,1.473369598728228702e+00,1.000000000000000000e+00
1.721095439987992748e+00,-1.716502230236607973e+00,2.000000000000000000e+00
1.183187137481648499e+00,2.210492210348482978e+00,1.000000000000000000e+00
2.146990807762957587e+00,3.517789171315239827e+00,1.000000000000000000e+00
-1.629351721267708220e+00,3.463534811458031548e+00,3.000000000000000000e+00
2.550066562743920073e-01,2.083748177143522895e-01,3.000000000000000000e+00
2.569308851155411411e+00,-3.748542093499520611e-01,2.000000000000000000e+00
-1.815138770182622707e-02,3.624944978520817429e+00,1.000000000000000000e+00
3.040246641072569922e+00,3.321407187490423851e+00,2.000000000000000000e+00
3.722596726275170909e+00,3.671131645618759265e-01,2.000000000000000000e+00
1.295708098931574792e+00,7.124967190785751470e-01,2.000000000000000000e+00
5.467034953703957534e-01,1.194294898883212941e+00,1.000000000000000000e+00
-8.625782745930066220e-02,7.699474068065876864e-01,3.000000000000000000e+00
3.967247547518952366e+00,3.356931625678575060e+00,2.000000000000000000e+00
6.613230469201747397e-01,-1.331491888032292126e+00,0.000000000000000000e+00
-2.718300338060826160e-01,1.310051369708206792e+00,3.000000000000000000e+00
-6.434113828453424944e-01,-1.679038837908968240e-01,3.000000000000000000e+00
7.546015538002146528e-01,1.198354186020642587e-01,2.000000000000000000e+00
-6.407759429670341067e-01,1.857827053561347252e+00,3.000000000000000000e+00
-1.868282188170619085e+00,1.812440515369182492e+00,3.000000000000000000e+00
1.355018935229330701e-01,3.538835529732136109e+00,1.000000000000000000e+00
-3.905908204155934538e-01,-4.797332025854006421e-01,3.000000000000000000e+00
9.428085519419333593e-01,1.967782792527198232e+00,1.000000000000000000e+00
2.910061203261433249e+00,3.871033833929348411e+00,2.000000000000000000e+00
1.972621966780910618e+00,5.441978487196292846e-01,2.000000000000000000e+00
3.748747273919139644e+00,-1.317939701136037867e+00,2.000000000000000000e+00
2.959167827088073466e+00,3.906753009050661696e+00,2.000000000000000000e+00
3.471254130884100064e+00,3.054954886911475320e+00,2.000000000000000000e+00
-7.193827310379941053e-02,4.344708897565983108e-01,3.000000000000000000e+00
-1.218546657059334182e+00,-1.916627270884194711e-01,3.000000000000000000e+00
-9.902531636553073557e-01,3.736089144034398402e+00,1.000000000000000000e+00
7.605870002614967262e-01,-9.856556542334209414e-01,0.000000000000000000e+00
-1.061329990266976608e+00,8.204466207085845397e-01,3.000000000000000000e+00
1.895229916478027299e+00,3.384293154053254149e+00,1.000000000000000000e+00
-5.094741930841046873e-01,-1.703619644318998816e-01,3.000000000000000000e+00
3.789765390126400568e+00,3.872280232865925598e-01,2.000000000000000000e+00
-4.431703395197323925e-01,-1.276047382903178207e+00,3.000000000000000000e+00
3.235402977551172121e+00,-1.573502898243985815e+00,2.000000000000000000e+00
-1.322028125354486106e+00,3.345773352997984063e+00,3.000000000000000000e+00
3.198627857881048087e+00,2.841323978172142439e+00,2.000000000000000000e+00
3.351121420471974588e+00,-5.003791942964759265e-01,2.000000000000000000e+00
2.841003470899419625e+00,2.876436741017692533e+00,2.000000000000000000e+00
7.778046738089083867e-01,-4.756635957869566056e-01,2.000000000000000000e+00
2.207185537003901743e+00,-1.674668090234546547e+00,2.000000000000000000e+00
-1.166921351498445114e+00,1.140406752740909635e+00,3.000000000000000000e+00
1.384154612847841470e+00,2.226656520382856996e-01,2.000000000000000000e+00
1.159926602720494415e+00,-6.875720865181533803e-01,2.000000000000000000e+00
1.616311291993732802e+00,-2.599272062402131489e-01,2.000000000000000000e+00
3.369168181529547113e-02,-1.142840298758921014e+00,0.000000000000000000e+00
2.675561864825137803e-02,-1.011749776083655128e+00,0.000000000000000000e+00
1.616438181043475808e+00,8.850170894627349405e-01,2.000000000000000000e+00
3.117447274448785777e+00,1.874872268107005802e+00,2.000000000000000000e+00
-1.374551076997331256e+00,2.632087504957298485e+00,3.000000000000000000e+00
-1.683351750805661018e+00,5.746531225161044532e-01,3.000000000000000000e+00
2.776581776769436516e+00,2.179989349239764174e+00,2.000000000000000000e+00
9.631514661726510163e-01,3.212936162583645228e+00,1.000000000000000000e+00
1.934923959613927824e+00,-4.592280894875611086e-01,2.000000000000000000e+00
-1.134216384133424738e+00,3.538511362947028616e+00,1.000000000000000000e+00
-2.701707445108840755e-01,3.267115876493212667e+00,1.000000000000000000e+00
1.950694475557041230e+00,8.424012696902316577e-02,2.000000000000000000e+00
-1.015380178029517522e+00,-1.844003022890781551e+00,3.000000000000000000e+00
2.208953145053182077e+00,-8.193941608825066059e-01,2.000000000000000000e+00
2.297709723214268251e+00,2.478492381270767098e-01,2.000000000000000000e+00
3.688711230603702873e+00,3.979079448547989450e+00,2.000000000000000000e+00
1.387788072627869962e+00,1.762473038490381505e+00,2.000000000000000000e+00
2.335984759353866735e+00,2.342178427881366432e+00,2.000000000000000000e+00
3.346849808262124526e+00,-6.886138238231986897e-02,2.000000000000000000e+00
2.070716555604926512e+00,2.902049928039643234e+00,2.000000000000000000e+00
-3.954254521209450424e-01,2.713630341176958005e-01,3.000000000000000000e+00
3.509389569365843897e+00,3.785684976240290212e+00,2.000000000000000000e+00
-2.763383436569115670e-01,2.308689481406240418e+00,1.000000000000000000e+00
-2.574765540398593622e-02,-1.212819573000838203e+00,0.000000000000000000e+00
-4.721410591277375168e-01,-1.213560373973969542e+00,3.000000000000000000e+00
1.291130538664125638e+00,3.035563754960661775e+00,1.000000000000000000e+00
3.842886706892884696e+00,2.195871588716800105e-01,2.000000000000000000e+00
-1.408511356025798911e-02,1.191262456633723765e+00,1.000000000000000000e+00
-2.885573123053235545e-01,-1.275030542487522345e+00,3.000000000000000000e+00
1.939951806336879692e+00,-2.582082939844885239e-01,2.000000000000000000e+00
-9.718132094993896519e-01,8.235866541720895384e-01,3.000000000000000000e+00
2.921570983007559796e+00,3.626907108282028780e+00,2.000000000000000000e+00
5.395621678492856788e-01,3.537299414367820916e+00,1.000000000000000000e+00
-1.201174992427341381e+00,8.475426684233600128e-01,3.000000000000000000e+00
3.606520464106048429e+00,7.636442382564805342e-01,2.000000000000000000e+00
5.529436023709726200e-01,1.001444658155722145e+00,1.000000000000000000e+00
1.221177930927748179e-01,1.204144856765941185e+00,1.000000000000000000e+00
1.152129108011072045e+00,3.636206561588559261e+00,1.000000000000000000e+00
-3.499031208399869808e-01,2.921455727857328988e+00,1.000000000000000000e+00
3.007864324426503089e+00,-1.798948599545648008e+00,2.000000000000000000e+00
3.873702880675318205e+00,-8.800132699326495000e-01,2.000000000000000000e+00
1.055048510637927262e+00,1.191154638492712969e+00,1.000000000000000000e+00
2.883061686988453332e+00,3.758629209846272801e+00,2.000000000000000000e+00
-1.112447124075035987e+00,-1.469963950702406708e+00,3.000000000000000000e+00
2.203326759296641235e+00,-1.981782479365395533e+00,2.000000000000000000e+00
-1.916213025250148361e+00,1.892641860915654561e+00,3.000000000000000000e+00
-2.145811878289878294e-01,3.164108311414615571e+00,1.000000000000000000e+00
9.739548250976604038e-02,-1.157234075433353215e-01,3.000000000000000000e+00
2.869028340340681993e+00,-8.626593715454666800e-02,2.000000000000000000e+00
2.028278249445419235e+00,1.211301468857540975e+00,2.000000000000000000e+00
3.444317757803263547e+00,3.840430986306365035e+00,2.000000000000000000e+00
-9.120852079518269040e-01,-4.289965622139972901e-01,3.000000000000000000e+00
-3.062829886228124465e-02,7.789002983812487457e-01,3.000000000000000000e+00
4.920980176174039045e-02,2.445266881366928935e+00,1.000000000000000000e+00
3.226611080119339725e+00,-1.088201943493882995e+00,2.000000000000000000e+00
6.323728435052533570e-02,2.933504282595649215e-01,3.000000000000000000e+00
9.322778438959842262e-01,-1.581868198770438383e+00,0.000000000000000000e+00
1.665424896135538901e-01,-1.933387964766982492e+00,0.000000000000000000e+00
-1.949965365439689791e+00,3.537810262861379229e+00,3.000000000000000000e+00
-6.187789692081535620e-02,2.748923726370872345e+00,1.000000000000000000e+00
-4.578860448193922128e-01,3.667705166810927508e+00,1.000000000000000000e+00
1.659581092196063423e+00,1.877018045238437516e+00,2.000000000000000000e+00
3.679548844547726461e-01,-3.641565981098084936e-01,0.000000000000000000e+00
-5.096598276191330879e-01,-5.286950249664723600e-01,3.000000000000000000e+00
-1.595173348317295847e+00,3.254070471634952888e+00,3.000000000000000000e+00
-1.232013207121782195e+00,-9.104090619123925698e-01,3.000000000000000000e+00
2.705358399779580481e+00,6.020497346254174431e-01,2.000000000000000000e+00
-1.075378296482716545e+00,2.580299254404799569e+00,3.000000000000000000e+00
2.861648429619096490e+00,2.170794498263898475e+00,2.000000000000000000e+00
3.333174350762091009e+00,-9.816350255315486883e-01,2.000000000000000000e+00
-1.028988174565218294e+00,2.873219884467204999e+00,3.000000000000000000e+00
-9.419919401639313961e-01,-5.607671229392940937e-01,3.000000000000000000e+00
1.044033365189746210e+00,3.339315821468685108e+00,1.000000000000000000e+00
2.664980896779226782e+00,1.377438128746018009e-01,2.000000000000000000e+00
1.610579887508061248e+00,-1.862483006910933270e-01,2.000000000000000000e+00
1.117187892613689115e+00,2.805748158723897490e+00,1.000000000000000000e+00
-6.427421254116112426e-01,2.636079557967916820e+00,1.000000000000000000e+00
2.731399750162365692e+00,3.952549994358859564e+00,2.000000000000000000e+00
1.878953426546901007e+00,-1.766956970674653515e+00,2.000000000000000000e+00
5.593644718688279838e-01,1.460213078389352326e+00,1.000000000000000000e+00
3.950413922012245393e+00,1.539932767462106167e+00,2.000000000000000000e+00
3.098770566385503855e+00,3.172730307576272502e+00,2.000000000000000000e+00
1.101268427184351140e+00,-2.198879549627692498e-01,2.000000000000000000e+00
2.250962882783223762e+00,2.118323885043396970e+00,2.000000000000000000e+00
-1.838877882258147745e+00,-1.775874968924688879e-01,3.000000000000000000e+00
-1.954938171954712089e-01,-1.224877082607579659e+00,3.000000000000000000e+00
1.948076297857312955e+00,-7.924829006119296082e-01,2.000000000000000000e+00
-5.385269540170840585e-01,3.976460130717540231e+00,1.000000000000000000e+00
3.096420129735371063e+00,8.797589688872582414e-01,2.000000000000000000e+00
8.692781952202159879e-01,1.452644720872454442e+00,1.000000000000000000e+00
-7.755426176621662560e-01,3.131108628440253838e+00,1.000000000000000000e+00
1.038304013550384042e+00,-1.616517010742432259e+00,0.000000000000000000e+00
-1.288271513081838737e+00,-1.269697254730562719e+00,3.000000000000000000e+00
-5.700313020930591890e-02,1.434075358220379570e+00,1.000000000000000000e+00
-1.569668630508856078e+00,-7.460463620788035932e-01,3.000000000000000000e+00
-7.556330355530309628e-01,3.326108930991704682e-01,3.000000000000000000e+00
6.569834783019778968e-02,-1.066701016498869947e+00,0.000000000000000000e+00
1.474419228231908185e+00,-3.768604825882793108e-01,2.000000000000000000e+00
2.613318128170289967e+00,-1.728788238523262688e+00,2.000000000000000000e+00
1.641114159045241827e+00,-1.325052998857672915e+00,2.000000000000000000e+00
9.376180837022314307e-01,3.154239793068502884e+00,1.000000000000000000e+00
-1.665685117721407371e+00,6.119611935824154081e-01,3.000000000000000000e+00
8.065943985968715424e-03,2.419031298988489453e+00,1.000000000000000000e+00
-1.466445461670100592e+00,-2.474998029801653843e-01,3.000000000000000000e+00
-6.444676088939440550e-01,3.353875580933713074e+00,1.000000000000000000e+00
2.297891794392334930e+00,-1.677913181694743239e+00,2.000000000000000000e+00
2.531457705085839116e+00,2.208217610894444682e+00,2.000000000000000000e+00
2.683391125019804591e+00,1.358791503440690995e+00,2.000000000000000000e+00
6.296319759117396941e-01,-4.935602407616237475e-01,0.000000000000000000e+00
6.896433467288831665e-01,-1.067865141283844466e+00,0.000000000000000000e+00
1.061644310608828690e+00,-5.347850754353580260e-01,2.000000000000000000e+00
1.134609194832707502e-01,2.072769756213615366e+00,1.000000000000000000e+00
2.173985536455864676e+00,-5.020963983104225203e-01,2.000000000000000000e+00
3.587214550071346153e+00,2.246442874440765181e+00,2.000000000000000000e+00
8.067339771225130463e-01,-5.861388868044297151e-01,2.000000000000000000e+00
3.744899711092631200e+00,1.596963451943953949e+00,2.000000000000000000e+00
-8.330163561562853314e-01,6.155886883418615341e-01,3.000000000000000000e+00
2.939755591815131019e+00,-4.673755945525785993e-01,2.000000000000000000e+00
2.565389709175008193e+00,2.633566611951389191e+00,2.000000000000000000e+00
-9.184954312996738146e-01,2.960869741024247936e+00,1.000000000000000000e+00
1.467857088025519730e+00,1.900434663245466727e+00,2.000000000000000000e+00
2.118457511162016971e+00,3.186795424531439380e+00,2.000000000000000000e+00
2.786485740100346220e+00,2.005208707686546354e+00,2.000000000000000000e+00
-8.331831431363556639e-02,4.557072999895148691e-01,3.000000000000000000e+00
1.566986830328216396e+00,3.684724577428996284e+00,1.000000000000000000e+00
6.336067655740977855e-01,-4.188280183315498117e-01,0.000000000000000000e+00
8.566177405851074234e-01,3.849591458528561994e+00,1.000000000000000000e+00
3.064661912589802029e+00,2.488379903880992394e+00,2.000000000000000000e+00
3.555502844278811025e+00,-6.289293014918033720e-01,2.000000000000000000e+00
2.536495792325469623e+00,3.713050683642211247e+00,2.000000000000000000e+00
6.859957800597218380e-01,2.441412665388673631e+00,1.000000000000000000e+00
1.123068835324653847e+00,9.583369671400934209e-01,2.000000000000000000e+00
1.954837750406566599e+00,-7.470370540609343468e-01,2.000000000000000000e+00
1.632693845721277626e+00,-8.465456163945228596e-01,2.000000000000000000e+00
-1.338028904758439719e+00,3.665676613198304068e+00,3.000000000000000000e+00
-1.756453141649338523e+00,8.545303459033606330e-01,3.000000000000000000e+00
-5.827488769979765060e-01,1.006089677929957737e+00,3.000000000000000000e+00
1.320991474051651515e+00,7.219944203599304444e-01,2.000000000000000000e+00
-4.992216102893227703e-01,-5.303896124231519682e-01,3.000000000000000000e+00
-1.813840100061856919e+00,2.583911741388192240e+00,3.000000000000000000e+00
-1.963162538614377173e+00,2.945417237375162145e+00,3.000000000000000000e+00
1.354641443515121502e+00,2.425086188752820782e+00,1.000000000000000000e+00
1.922008567974167192e-01,2.744414478636520549e+00,1.000000000000000000e+00
