1.981006911430216455e+00,-1.196434108289434306e+00,1.000000000000000000e+00
-1.714207474939814624e+00,4.544330131579276610e+01,0.000000000000000000e+00
1.876414610036230890e+00,4.131483673581689686e+01,0.000000000000000000e+00
1.420207993730264739e+00,1.966852747048008254e+01,0.000000000000000000e+00
1.886830627285227102e+00,1.986498307817382880e+01,0.000000000000000000e+00
1.714763857863914165e+00,1.717921195050195138e+01,0.000000000000000000e+00
1.796748291329935743e+00,1.727384879704717235e+01,0.000000000000000000e+00
1.341785200925409871e+00,6.077867426109681226e+00,0.000000000000000000e+00
1.254613583597657733e+00,1.018702977972191093e+01,0.000000000000000000e+00
-3.362822802702667424e-01,2.622461119389907225e+01,1.000000000000000000e+00
1.015673261789277415e+00,1.709166607265247251e+01,1.000000000000000000e+00
-8.476236056896480076e-01,3.867872288179408713e+01,0.000000000000000000e+00
-1.479400440582161913e+00,1.679492599215420512e+01,0.000000000000000000e+00
-8.548986088499386238e-01,2.260095046066859581e+01,1.000000000000000000e+00
3.362002863153721322e-01,3.641397429918622031e+00,1.000000000000000000e+00
-1.071539559874034708e+00,2.026141326618936844e+01,0.000000000000000000e+00
4.316166459835484304e-01,6.724764731606334145e+00,1.000000000000000000e+00
6.344486052978819401e-01,4.871655416798129323e+01,0.000000000000000000e+00
6.389485783873687375e-01,3.049987599425125140e+01,1.000000000000000000e+00
-1.293918101890677796e+00,1.605061001265072917e+01,0.000000000000000000e+00
-1.165024550182173657e+00,3.426707231296891365e+01,0.000000000000000000e+00
-1.304979755059874513e+00,4.663517027102344059e+01,0.000000000000000000e+00
-9.430352418637453216e-01,3.445548295068665112e+01,0.000000000000000000e+00
4.835544566630516350e-01,4.681196234590449023e+01,0.000000000000000000e+00
-1.809024468133352492e+00,1.318087705908603624e+01,0.000000000000000000e+00
1.102728643759842697e-02,3.740014411000370842e+01,1.000000000000000000e+00
-1.142945784810870169e+00,2.099864445456282880e+01,0.000000000000000000e+00
3.378006827310429117e-01,5.243345113565765381e+00,1.000000000000000000e+00
-1.219523027259675541e+00,1.265742583653975117e+01,0.000000000000000000e+00
-6.511769170743468838e-01,3.964597837178052231e+01,0.000000000000000000e+00
1.087340049660320940e+00,1.704784461086448744e+01,0.000000000000000000e+00
-7.040486993825731954e-01,2.398554302141108607e+01,1.000000000000000000e+00
-8.970810131742523730e-02,3.007521305579692594e+01,1.000000000000000000e+00
-1.546782553160881424e+00,-3.939127149655000437e+00,1.000000000000000000e+00
5.749677112845441584e-01,3.143572816500580736e+00,1.000000000000000000e+00
-1.005425338267790458e+00,1.542012912015832526e+01,1.000000000000000000e+00
-1.283282873869527663e+00,3.623477987136333667e+01,0.000000000000000000e+00
1.752877770626681819e+00,1.122748475963214432e+01,0.000000000000000000e+00
-1.114579962582955330e+00,1.708427214745855949e+01,0.000000000000000000e+00
-1.232110207223900744e+00,3.738816068357494515e+01,0.000000000000000000e+00
1.693094666659748171e+00,4.143176439500242481e+01,0.000000000000000000e+00
-1.523265713106275232e+00,3.510246009012602286e+01,0.000000000000000000e+00
7.868728953283290473e-01,1.263561862109441236e+01,1.000000000000000000e+00
-2.001466301498429079e-01,1.093772413678596678e+01,1.000000000000000000e+00
1.618908086174930094e+00,3.643015329385133327e+01,0.000000000000000000e+00
-1.317035110093135675e+00,-1.294642287168059624e-01,1.000000000000000000e+00
-1.000069603467976798e-01,3.341914298111557713e+01,1.000000000000000000e+00
-8.925461353084358507e-01,2.868565508543970211e+01,0.000000000000000000e+00
-1.125729659744697297e+00,-3.767781438280948691e+00,1.000000000000000000e+00
-1.270404782098394580e+00,4.128391607550494768e+01,0.000000000000000000e+00
-2.741587322468503896e-01,2.941979091074994912e+01,1.000000000000000000e+00
-5.346124449771705311e-01,2.919076225504803190e+01,1.000000000000000000e+00
-6.656371426620448783e-01,2.127860455201167511e+01,1.000000000000000000e+00
-3.603806028686173946e-02,1.515399731965824159e+01,1.000000000000000000e+00
1.993558773795228056e+00,1.494358627027467357e+00,1.000000000000000000e+00
-1.697463869307310302e+00,4.501889354731610560e+00,0.000000000000000000e+00
-1.979036170047517862e+00,-1.651801889578628835e+00,1.000000000000000000e+00
2.003554315883321557e+00,4.560496245523696501e+01,0.000000000000000000e+00
1.957887453301489167e+00,4.631566286323962345e+01,0.000000000000000000e+00
1.778953009516901496e-01,3.547300944131914946e+01,1.000000000000000000e+00
6.414259325119955335e-01,1.824952983772335813e+01,1.000000000000000000e+00
-1.697624668677020221e-01,2.483026427076067222e+01,1.000000000000000000e+00
6.208535163693746917e-01,1.131025520919517291e+01,1.000000000000000000e+00
-8.460986441627253996e-01,4.633945739383418783e+01,0.000000000000000000e+00
1.933385186632511576e+00,3.360324366903432036e+01,0.000000000000000000e+00
-2.392585001292126812e-01,3.495986814372557916e+01,1.000000000000000000e+00
-1.526566623399128186e-01,-1.785336399036072219e+00,1.000000000000000000e+00
3.701190740759430220e-01,2.132642492352278651e+01,1.000000000000000000e+00
-1.746644901041663811e+00,6.565647354105808908e+00,0.000000000000000000e+00
-1.064834039494655382e-01,3.971066667037108289e+01,1.000000000000000000e+00
1.807251114593272145e+00,1.425154259923188960e+01,0.000000000000000000e+00
-4.862427608372834609e-01,4.521330222283656219e+00,1.000000000000000000e+00
8.142863446832295793e-01,1.111954616970418996e+01,1.000000000000000000e+00
-1.380724780455326872e+00,4.002511849588554327e+01,0.000000000000000000e+00
8.231364152237041765e-02,7.300231600046656055e-01,1.000000000000000000e+00
-1.820235193983768429e+00,3.521319761545858995e+01,0.000000000000000000e+00
-1.996275791140472267e+00,8.797701114405125367e+00,0.000000000000000000e+00
1.953589605691921527e+00,-5.068754226213512126e-01,1.000000000000000000e+00
-6.677416936714344331e-01,4.186251569087651347e+01,0.000000000000000000e+00
6.686611434160085743e-01,3.399629034757484902e+01,0.000000000000000000e+00
1.064836494998378846e+00,4.167767654977528657e+00,1.000000000000000000e+00
1.618377656560645139e+00,2.170571837459504749e+01,0.000000000000000000e+00
-1.711541609416258325e+00,2.547716163977961301e+01,0.000000000000000000e+00
4.179678685630725532e-01,4.511973433478267026e+01,0.000000000000000000e+00
-7.454202590780458770e-01,9.486733572292511241e+00,1.000000000000000000e+00
7.209776469137829658e-01,1.635310562944931689e+01,1.000000000000000000e+00
3.684728800421077644e-01,-1.457448366938018935e-01,1.000000000000000000e+00
8.655221670014006108e-01,-3.362023949976177484e+00,1.000000000000000000e+00
9.891796274110933318e-01,3.844648531227972654e+01,0.000000000000000000e+00
-1.947550721347308000e+00,3.856050816031057593e+01,0.000000000000000000e+00
1.374122521902489069e+00,2.328322490999664396e+01,0.000000000000000000e+00
-1.734057998840007331e+00,3.336454619296083024e+01,0.000000000000000000e+00
8.584940378553969076e-01,1.074566489855537910e+01,1.000000000000000000e+00
-1.918178775268850167e+00,4.867086356727603658e+01,0.000000000000000000e+00
8.558600945023502327e-01,2.637222097307779833e+01,0.000000000000000000e+00
1.449973685168645776e+00,5.901159040109527076e+00,0.000000000000000000e+00
-1.266356793038307060e+00,4.594497273925630765e+01,0.000000000000000000e+00
5.394224662300959316e-01,5.939381152449922929e+00,1.000000000000000000e+00
1.355707827723425130e+00,2.775066449909002486e+01,0.000000000000000000e+00
6.766079515204608263e-01,2.946486804062827147e+01,1.000000000000000000e+00
1.302363447302289146e+00,1.801484651585194285e+01,0.000000000000000000e+00
2.129927627212535590e-01,4.857082734194950291e+01,0.000000000000000000e+00
1.719916414385035175e+00,4.354358456547191736e+01,0.000000000000000000e+00
-1.868848555798396704e+00,2.568443872869038458e+01,0.000000000000000000e+00
-3.499589205958959504e-01,1.625721161874145437e+01,1.000000000000000000e+00
-1.297402719841960872e+00,4.083692698230346529e+00,1.000000000000000000e+00
-1.053363978595525108e-01,9.432232321154305765e+00,1.000000000000000000e+00
8.959161185786221893e-01,3.595490032528524438e+01,0.000000000000000000e+00
-2.468027089381410466e-01,4.101520888417741872e+01,1.000000000000000000e+00
-1.812484662210547270e-01,2.159300899349352676e+01,1.000000000000000000e+00
9.056576925450876558e-02,3.427345402585447687e+01,1.000000000000000000e+00
-3.909190200171241969e-02,4.306876646216132976e+00,1.000000000000000000e+00
-1.668946335591572350e-01,3.460860736220387679e+01,1.000000000000000000e+00
-1.959196198229643526e+00,2.604165221231550476e+01,0.000000000000000000e+00
-8.239091433786642771e-01,2.348421119585582417e+01,1.000000000000000000e+00
2.541141857825128803e-01,3.352513290128198520e+01,1.000000000000000000e+00
-1.004677925887287326e-01,1.771988996805661642e+01,1.000000000000000000e+00
-1.350237868594242441e+00,1.254583710244726191e+01,0.000000000000000000e+00
1.380478470106943245e+00,3.603268287536483427e+01,0.000000000000000000e+00
-9.174071322523604799e-01,-4.705817418103044325e+00,1.000000000000000000e+00
-1.958857660733666961e+00,3.145125800879701572e+01,0.000000000000000000e+00
1.718895635347076567e+00,1.712967156220990361e+01,0.000000000000000000e+00
1.262692596394088707e+00,4.603772582801041580e+01,0.000000000000000000e+00
-7.185521201396978253e-01,8.744056101229746858e-01,1.000000000000000000e+00
-1.553519606970359401e-01,2.338485908239749023e+01,1.000000000000000000e+00
-9.469548791251432007e-01,3.835780681865651331e+01,0.000000000000000000e+00
-2.302414995850641244e-01,3.922804873523014102e+00,1.000000000000000000e+00
-2.731023976531568032e-01,-4.330925970570157268e+00,1.000000000000000000e+00
-6.739866981864748308e-01,2.690513797876091928e+01,1.000000000000000000e+00
-1.054276107694450459e+00,2.297500526128461829e+01,0.000000000000000000e+00
-1.542543736862882486e+00,8.326986399002997530e+00,0.000000000000000000e+00
-1.633613426007931135e+00,2.622562345129195549e+01,0.000000000000000000e+00
1.442869682541255472e+00,-3.204850289546651076e+00,1.000000000000000000e+00
-5.245703054298278545e-02,3.223166783112773004e+01,1.000000000000000000e+00
5.301301359357286636e-01,6.776750256504162628e+00,1.000000000000000000e+00
1.627777436298982749e-01,4.405314221755345727e+01,1.000000000000000000e+00
-6.160517958309461584e-01,1.956051879973607655e+01,1.000000000000000000e+00
-1.713175954380646404e+00,1.173239997358910003e+01,0.000000000000000000e+00
1.343821411531140431e+00,2.423256760667033660e+01,0.000000000000000000e+00
1.036767880670506514e+00,1.915107561513007539e+01,0.000000000000000000e+00
1.716205199085900635e+00,2.047744025224256958e+01,0.000000000000000000e+00
-1.191727178117560237e+00,1.179419457044753372e+01,0.000000000000000000e+00
-1.924276094153311911e+00,4.430871775978769023e+01,0.000000000000000000e+00
-1.975022827669690839e+00,2.932675141170373578e+01,0.000000000000000000e+00
-8.566129066549461601e-01,2.350509383644042316e+01,1.000000000000000000e+00
-1.493739758835829878e+00,4.492847788415277677e+01,0.000000000000000000e+00
-1.096474114526732491e+00,2.538758333101625198e+01,0.000000000000000000e+00
1.127284713416684792e+00,2.942629147296096548e+01,0.000000000000000000e+00
3.023057219118929773e-01,4.536229752779811264e+01,0.000000000000000000e+00
2.032405296785525728e+00,4.275448286440180112e+01,0.000000000000000000e+00
2.605114517369342408e-01,4.302584496102949885e+01,0.000000000000000000e+00
-5.796497585325093294e-01,3.076681986324092932e+01,1.000000000000000000e+00
9.792279330515318847e-01,4.494428708892183977e+01,0.000000000000000000e+00
-1.691412294234335034e+00,1.633459377446499516e+01,0.000000000000000000e+00
-1.200887139563665107e+00,1.033399232164432746e+01,0.000000000000000000e+00
1.182376640745253837e+00,-2.780699314581659198e+00,1.000000000000000000e+00
-6.741951461137105639e-01,4.817798244003381569e+01,0.000000000000000000e+00
8.711060740759801746e-01,2.601859834853486220e+01,0.000000000000000000e+00
-3.119966802622660129e-01,4.604527702789341248e+01,0.000000000000000000e+00
-5.121336369057594151e-01,1.736807550352384411e+01,1.000000000000000000e+00
-8.412422575009683712e-01,2.709720066942570327e+01,0.000000000000000000e+00
-1.453244117390451118e+00,2.180796356175988393e+01,0.000000000000000000e+00
-1.790406961278075526e+00,3.426191679507314092e+01,0.000000000000000000e+00
-1.335415389623176408e+00,-3.779044890602981432e+00,1.000000000000000000e+00
-1.869039883852861239e+00,-4.284668107748139221e+00,1.000000000000000000e+00
1.068521824925059427e+00,2.522315022148722363e+01,0.000000000000000000e+00
-1.107952922194827661e+00,2.685796553046891688e+01,0.000000000000000000e+00
-1.010152504657348738e+00,1.581644798927389317e+01,1.000000000000000000e+00
1.113800027639075374e+00,-3.788482228344166369e+00,1.000000000000000000e+00
8.575265199117394488e-01,2.614831259487203141e+01,0.000000000000000000e+00
-1.665966198732432124e+00,2.489656584772278691e+00,0.000000000000000000e+00
-2.083128413458081862e-01,5.708435797160228198e+00,1.000000000000000000e+00
-1.203683668862461698e+00,3.070412592227124904e+01,0.000000000000000000e+00
8.046178430378310154e-01,4.496195298815545272e+01,0.000000000000000000e+00
-2.052156973336622947e-01,-2.405405493146409057e+00,1.000000000000000000e+00
-3.766289261008277656e-01,1.929619699618004347e+01,1.000000000000000000e+00
3.690499886200981905e-02,3.310760010421924804e-01,1.000000000000000000e+00
-6.021784297269758834e-01,2.178652131996395269e+01,1.000000000000000000e+00
1.804214433205594936e+00,4.747165000109698951e+01,0.000000000000000000e+00
-1.734385919487161143e+00,3.876056675107947314e+01,0.000000000000000000e+00
-1.572780174102625050e+00,3.537909110267809609e+01,0.000000000000000000e+00
-5.761108014460902815e-01,4.913764302370696946e+00,1.000000000000000000e+00
7.690872787666602761e-01,1.342753543974581376e+01,1.000000000000000000e+00
-1.918751278172993180e+00,1.108307567176361985e+01,0.000000000000000000e+00
-6.782371032197340721e-01,-3.103598115179141637e+00,1.000000000000000000e+00
2.045126406798160268e+00,1.140067695391055480e+01,1.000000000000000000e+00
1.763994328134093514e+00,2.395630579991761877e+01,0.000000000000000000e+00
7.510636942536397243e-02,1.677265794581372305e+01,1.000000000000000000e+00
2.057796340871146157e+00,-3.797106485231098283e+00,1.000000000000000000e+00
1.231823124950700343e+00,4.892726915883366168e+00,1.000000000000000000e+00
-1.504242676901881293e-01,-4.059299788091555783e+00,1.000000000000000000e+00
1.522375105861915046e-01,4.253708741127054083e+01,1.000000000000000000e+00
-2.057548208885352281e+00,3.103134548276698368e+01,0.000000000000000000e+00
5.461461395347972925e-01,1.342999205254593420e+01,1.000000000000000000e+00
1.410161112549800144e+00,2.868599965328699497e+01,0.000000000000000000e+00
-4.895922830581460605e-01,2.680221992769929429e+01,1.000000000000000000e+00
-1.437641751016681679e+00,4.068113111928798276e+01,0.000000000000000000e+00
-8.160567410407315592e-02,-4.654438309424559606e+00,1.000000000000000000e+00
9.515619367433387765e-01,-8.084489958818759092e-01,1.000000000000000000e+00
1.103803699668469029e+00,2.691331204792532006e+01,0.000000000000000000e+00
-2.513500719501797764e-01,-4.586557161902605984e+00,1.000000000000000000e+00
-9.993396774656642112e-01,1.342870759221229449e+00,1.000000000000000000e+00
-1.859428573726247258e+00,4.083570577856568207e+01,0.000000000000000000e+00
-7.862653964680825780e-01,3.060524726230900328e+01,0.000000000000000000e+00
1.889464301076902775e+00,3.600192562447305278e+01,0.000000000000000000e+00
-1.740154797383564489e+00,4.468244759301817481e+01,0.000000000000000000e+00
1.007294015665767262e+00,4.793068976315104202e+00,1.000000000000000000e+00
3.095152189992873559e-01,4.582872412488578817e+01,0.000000000000000000e+00
4.896093045490883533e-01,2.934657174812931046e+01,1.000000000000000000e+00
1.776580485285994992e+00,1.393051847748168370e+01,0.000000000000000000e+00
1.690759484639008825e+00,3.871105339778873855e+01,0.000000000000000000e+00
9.276773452969964140e-01,4.826857311893905234e+01,0.000000000000000000e+00
7.609751092004146678e-01,4.239876043440475861e+00,1.000000000000000000e+00
2.121448841806596874e-01,4.473050049238083403e+01,0.000000000000000000e+00
-1.963609883187249494e-01,3.394536400087722683e+01,1.000000000000000000e+00
1.479472251903074742e+00,4.778721051154945343e+01,0.000000000000000000e+00
-8.291362977186613747e-01,3.311056290583707096e+01,0.000000000000000000e+00
-7.615184719134722169e-01,1.147415790393595003e+01,1.000000000000000000e+00
1.805519178598491870e+00,3.246439021810986247e+01,0.000000000000000000e+00
-5.305414443139795377e-01,2.430935935865324282e+01,1.000000000000000000e+00
-1.868248568444055513e+00,1.349465296489589150e+01,0.000000000000000000e+00
-4.387183566522168121e-01,2.891067347615219418e+01,1.000000000000000000e+00
-9.475179411840899402e-01,2.587640831826919907e+01,0.000000000000000000e+00
-6.798359709160513020e-01,3.306733312408034209e+01,0.000000000000000000e+00
9.100333799583992800e-02,4.094980712468061768e+01,1.000000000000000000e+00
-7.073565077029893011e-01,2.166814610250035500e+01,1.000000000000000000e+00
-9.778116190330710111e-02,3.452979349542523835e+01,1.000000000000000000e+00
-8.435596421898459152e-01,2.128247162020515759e+01,1.000000000000000000e+00
6.322589995758374215e-01,1.809230855431907870e+01,1.000000000000000000e+00
-1.461646773328235005e+00,1.075042171750958886e+01,0.000000000000000000e+00
-1.742978829717944045e+00,2.368870105057479414e+00,0.000000000000000000e+00
-1.600968244064123747e+00,2.362453351869962148e+01,0.000000000000000000e+00
-5.287526467617842396e-01,-2.126678917069382280e-01,1.000000000000000000e+00
-1.175820256864388513e+00,3.091940952073486315e+01,0.000000000000000000e+00
-1.270752720813640213e+00,3.530988434811945353e+01,0.000000000000000000e+00
1.875325568182033553e+00,3.839003275504950352e+01,0.000000000000000000e+00
1.926485639594982757e+00,-2.881224872028223416e+00,1.000000000000000000e+00
-1.367727275277613286e+00,2.265577371390240913e+01,0.000000000000000000e+00
5.030631066697317522e-01,4.412856861703789235e+01,0.000000000000000000e+00
-7.015763188036030495e-01,1.955153917513619533e+01,1.000000000000000000e+00
-3.015617019294136725e-02,4.344141370344871689e+01,1.000000000000000000e+00
-1.926363911047586308e+00,2.779410371072752284e+01,0.000000000000000000e+00
-2.021283424772812420e+00,4.394076943367260668e+01,0.000000000000000000e+00
1.662415299309520034e+00,1.100849184371143608e+01,0.000000000000000000e+00
-8.735202473068626183e-01,9.061978713883235059e+00,1.000000000000000000e+00
-9.004559770789322126e-01,2.533877757469598890e+01,0.000000000000000000e+00
-1.908247478544196518e+00,1.256033831782964327e+01,0.000000000000000000e+00
-9.966385308000482723e-01,1.375505700677832266e+01,1.000000000000000000e+00
-1.925068479296405011e+00,-2.878964887668663764e+00,1.000000000000000000e+00
1.890903998580184986e+00,6.513842792865061959e+00,0.000000000000000000e+00
8.399697258328857608e-01,3.510879029888330649e+01,0.000000000000000000e+00
-1.251906207705313356e+00,-3.648798142917018872e+00,1.000000000000000000e+00
-2.039292823423046741e+00,4.035876528267620245e+01,0.000000000000000000e+00
-1.352260149871959749e+00,2.257596410889606986e+01,0.000000000000000000e+00
2.326364684635824354e-01,4.310039214078002345e+01,1.000000000000000000e+00
-5.481870656024760979e-01,4.791243961005479690e+01,0.000000000000000000e+00
-1.137044868800149988e+00,1.461708043896992137e+01,0.000000000000000000e+00
-7.205402881076881094e-01,4.625559185087471548e+01,0.000000000000000000e+00
8.221941376310821781e-01,4.553630921387945563e-01,1.000000000000000000e+00
5.164607008198656146e-01,3.323479720687770111e+01,1.000000000000000000e+00
1.137015569866948184e+00,1.827050660277981819e+01,0.000000000000000000e+00
-1.621420941834337714e+00,2.854180840759357451e+01,0.000000000000000000e+00
-1.232154178021409585e+00,3.187664101368715919e+01,0.000000000000000000e+00
-5.050910007987239325e-01,3.336092575860281073e+01,1.000000000000000000e+00
2.885431000107971933e-01,4.428205261943596582e+01,0.000000000000000000e+00
-1.487783778116962718e+00,-2.837118609939950797e+00,1.000000000000000000e+00
-1.641988971166472799e+00,2.562889605602154575e+01,0.000000000000000000e+00
5.254691016476060739e-01,3.358221310947221383e+01,1.000000000000000000e+00
-1.518324983207546941e+00,3.434957708670986420e+01,0.000000000000000000e+00
-1.250609639155741526e+00,-1.317785465072907058e-01,1.000000000000000000e+00
-1.380653183944417162e+00,4.061789405404618947e+01,0.000000000000000000e+00
-1.248704676986112538e+00,5.484388304191814889e+00,1.000000000000000000e+00
-1.598160288880170476e+00,2.532250970504767196e+01,0.000000000000000000e+00
4.525742042468228199e-01,6.310410265577977462e+00,1.000000000000000000e+00
7.314919532353907350e-01,2.171388634081897351e+01,1.000000000000000000e+00
-9.310842921898030422e-01,-2.201722405940831351e-02,1.000000000000000000e+00
9.568795890150387784e-01,-2.686554777783254355e+00,1.000000000000000000e+00
1.075770757739790806e+00,3.234545948293673234e+01,0.000000000000000000e+00
1.917356361669147358e+00,3.876756590299041072e+00,1.000000000000000000e+00
1.415519305322026078e-01,1.942259992314701478e+01,1.000000000000000000e+00
-1.826921928547274643e+00,2.405152736644342326e+01,0.000000000000000000e+00
-1.662298807745517415e+00,2.916666668272018015e+01,0.000000000000000000e+00
1.453923531023056270e+00,2.440172394379651166e+01,0.000000000000000000e+00
-2.326298525921373095e-01,2.258877481368678986e+01,1.000000000000000000e+00
-2.507004149159905992e-01,-4.427255620217154686e+00,1.000000000000000000e+00
6.355926862164058555e-01,4.628198590322296724e+01,0.000000000000000000e+00
2.322964332131260967e-01,9.441246936808258994e+00,1.000000000000000000e+00
-1.687255589011470658e+00,2.890125685195917882e+01,0.000000000000000000e+00
1.904672793315756341e+00,4.480460788480203149e+01,0.000000000000000000e+00
-3.523910531018648040e-01,2.752638968636206229e+01,1.000000000000000000e+00
-1.289976584887210009e+00,2.809929905779550907e+01,0.000000000000000000e+00
-1.251705193963882135e+00,1.667550555933140899e+01,0.000000000000000000e+00
-1.182568030524897118e+00,4.332367330069798328e+01,0.000000000000000000e+00
1.108939772039788885e+00,-2.317573248195430757e+00,1.000000000000000000e+00
1.710632301061301597e+00,1.537929628455635722e+01,0.000000000000000000e+00
1.756157338505855758e+00,-2.140730252382481602e+00,1.000000000000000000e+00
5.360903540110912857e-01,4.403359064045629623e+01,0.000000000000000000e+00
2.272989510358232046e-01,8.446100992450841005e+00,1.000000000000000000e+00
-3.056174194773868535e-01,1.106243776918125121e+01,1.000000000000000000e+00
1.844609343161748516e+00,4.893180346464759367e+01,0.000000000000000000e+00
-1.839427942288283990e+00,-1.789213774619903941e+00,1.000000000000000000e+00
1.180334451631833481e+00,1.048860717692580380e+01,1.000000000000000000e+00
3.206611101573044742e-01,3.727544113877545584e+01,1.000000000000000000e+00
-1.175395585616745286e+00,3.297642024151308249e+01,0.000000000000000000e+00
4.633358516636558733e-01,6.234577333200608251e-02,1.000000000000000000e+00
5.330316617539003765e-01,4.662072998030637194e+01,0.000000000000000000e+00
2.071171043660142708e-01,-4.014073660561719770e+00,1.000000000000000000e+00
-3.341426731859669097e-01,2.184234520498453236e+01,1.000000000000000000e+00
1.580415601658347935e+00,4.383293008813653557e+01,0.000000000000000000e+00
-4.870046021203267017e-02,-1.939706900433900039e+00,1.000000000000000000e+00
4.023194450645108944e-01,1.603605135080306354e+01,1.000000000000000000e+00
1.563950946276151832e+00,3.540297527943234712e+01,0.000000000000000000e+00
5.630634213119960485e-01,2.935488761109792399e+00,1.000000000000000000e+00
1.769836545815788309e+00,4.724304763504186866e+01,0.000000000000000000e+00
-1.103626037002825022e+00,1.692561885001193289e+01,0.000000000000000000e+00
-1.668325324298082002e+00,2.595116305615444219e+01,0.000000000000000000e+00
1.708360529727065646e+00,2.066733198305678698e+01,0.000000000000000000e+00
-1.305807555550961840e-01,1.345644588183768064e+01,1.000000000000000000e+00
1.461048271584400204e+00,3.753169164691050241e+01,0.000000000000000000e+00
-1.765402556536070477e+00,4.570842121833381810e+01,0.000000000000000000e+00
1.562913355799201653e+00,2.312609108565451166e+01,0.000000000000000000e+00
8.168356609255225109e-01,4.822231201406248147e+01,0.000000000000000000e+00
1.912700151802785076e+00,4.478545578363060997e+01,0.000000000000000000e+00
-1.587058959364506361e+00,2.623082904036412799e+01,0.000000000000000000e+00
-6.005769126947626546e-01,5.210162002114036461e+00,1.000000000000000000e+00
1.400718687232748394e+00,3.767886424438343340e+01,0.000000000000000000e+00
-1.858954512371606471e+00,2.316752118621256074e+01,0.000000000000000000e+00
1.081005126637446967e+00,1.601496611422825467e+01,0.000000000000000000e+00
2.076485055684145209e-01,1.424413633005767466e+01,1.000000000000000000e+00
-3.874941784023384628e-01,5.588385007076919209e-01,1.000000000000000000e+00
-1.656726060545413270e+00,4.765763106761831125e+01,0.000000000000000000e+00
-9.625748486297678319e-01,1.553187066202924527e+01,1.000000000000000000e+00
-1.627552836561895422e+00,9.557959747041042675e+00,0.000000000000000000e+00
-1.903034529147805021e+00,2.112625202175431482e+01,0.000000000000000000e+00
1.900388174612382741e+00,1.349472532505867761e+01,0.000000000000000000e+00
-5.404393792554680331e-01,2.498769303105683193e+01,1.000000000000000000e+00
3.237547094623982602e-01,2.953483058318564858e+01,1.000000000000000000e+00
1.037510171882090049e+00,3.902705822042306494e+01,0.000000000000000000e+00
-6.652342822821564194e-01,6.668707628354497707e+00,1.000000000000000000e+00
-1.252910451115208046e+00,4.767491301384034585e+01,0.000000000000000000e+00
3.615201124992162285e-01,1.738213006703399088e+01,1.000000000000000000e+00
-1.653587426258853910e+00,1.739746433657115787e+01,0.000000000000000000e+00
-1.179004108552848873e+00,-2.663543555973777899e+00,1.000000000000000000e+00
6.149841918967955401e-01,4.050096927470098507e+01,0.000000000000000000e+00
1.028009815838319518e+00,2.584805537290062460e-01,1.000000000000000000e+00
-8.345936075530151488e-01,7.272674518737118454e+00,1.000000000000000000e+00
1.403492046886044342e+00,2.096457588004184025e+00,1.000000000000000000e+00
2.053287606586168046e+00,3.614248213758167338e+01,0.000000000000000000e+00
1.134622066254980410e+00,4.141968084888896584e+01,0.000000000000000000e+00
-2.068638296137474963e+00,2.059367880211333457e+01,0.000000000000000000e+00
-1.744167041346471159e+00,-1.181420608256119387e+00,1.000000000000000000e+00
6.182003985344084462e-01,3.592073808304151328e+01,0.000000000000000000e+00
1.032228840425370553e+00,2.356119735929134862e+01,0.000000000000000000e+00
-1.474823840659355234e+00,4.516193837355751128e+01,0.000000000000000000e+00
-8.769250428021995170e-01,4.857402582093676102e+01,0.000000000000000000e+00
1.534831569986800037e+00,3.741248129826009006e+01,0.000000000000000000e+00
1.701648868068830645e+00,1.656569999599045317e+01,0.000000000000000000e+00
1.224055796263077145e+00,3.910622076561376304e+01,0.000000000000000000e+00
-1.524731739926752372e-01,4.836270581263428880e+01,0.000000000000000000e+00
-4.790483127586726564e-01,3.479614352039811820e+01,1.000000000000000000e+00
-8.608382889000267824e-01,6.423858732051983544e+00,1.000000000000000000e+00
1.037207633458225864e+00,-1.047953132247741337e+00,1.000000000000000000e+00
-1.464426805392282205e+00,2.780333337948250616e+01,0.000000000000000000e+00
-1.866912166738415646e+00,2.558886047582919332e+01,0.000000000000000000e+00
1.251459739444360952e+00,4.490003568923411592e+01,0.000000000000000000e+00
1.024563279904043611e+00,1.344705882118393703e+00,1.000000000000000000e+00
-1.993008020536564118e+00,3.080095354214617132e+01,0.000000000000000000e+00
-2.637527431139654599e-01,3.856131753234458337e+00,1.000000000000000000e+00
1.503207882587400679e+00,4.304305372094186311e+01,0.000000000000000000e+00
1.328170279171557944e+00,6.119606857528755661e+00,0.000000000000000000e+00
-6.206642371608004360e-01,4.057633743523471281e+01,0.000000000000000000e+00
-1.082877029202215180e+00,9.617491733827051803e+00,1.000000000000000000e+00
-2.978446884559395880e-01,3.042758508909132686e+01,1.000000000000000000e+00
1.553070463372048238e-01,2.580383293096523900e+01,1.000000000000000000e+00
-1.071057927763906514e+00,1.032394327947169899e+01,1.000000000000000000e+00
-2.040924380727470400e+00,-1.216901057376293949e-01,1.000000000000000000e+00
-1.376591016216611729e+00,1.408538206082277711e+01,0.000000000000000000e+00
-5.721449186938578624e-01,2.689941761625031091e+01,1.000000000000000000e+00
-6.409923864499906809e-01,3.491972367139602795e+01,0.000000000000000000e+00
6.699985942975796860e-01,4.832503416111251227e+01,0.000000000000000000e+00
-2.298598299166481063e-01,2.285161681044904114e+01,1.000000000000000000e+00
2.004894473244220876e-01,1.517015561443090377e+01,1.000000000000000000e+00
2.343360732376504885e-01,1.333030405938874807e+01,1.000000000000000000e+00
1.708238329994787197e+00,-5.010322486375420326e-01,1.000000000000000000e+00
1.368257294642285071e+00,2.989872881425959505e+01,0.000000000000000000e+00
-6.176352941733436186e-01,3.299515953287669845e+01,1.000000000000000000e+00
1.389650247432753005e+00,1.833389441473206460e+01,0.000000000000000000e+00
-8.225898798569104553e-01,2.827180107840803203e-01,1.000000000000000000e+00
3.201922107319652433e-01,7.638386845253086754e+00,1.000000000000000000e+00
-1.828586366667549701e+00,4.396971763443314529e+01,0.000000000000000000e+00
-1.623637746349698707e+00,5.828939118455765289e+00,0.000000000000000000e+00
1.365036476087442718e+00,1.974143892557991009e+01,0.000000000000000000e+00
-1.188677910697300444e+00,2.949422655005134786e+01,0.000000000000000000e+00
-1.286599456030621758e+00,2.116032645229370956e+01,0.000000000000000000e+00
-7.650842509056161589e-01,1.795357657072423230e+00,1.000000000000000000e+00
-1.799103046333574429e+00,2.281778410485279096e+01,0.000000000000000000e+00
-1.406945017539330101e+00,2.745412833058331259e+01,0.000000000000000000e+00
-9.910005642814012639e-01,2.158313034631776617e+01,0.000000000000000000e+00
-8.148934211645304515e-01,-3.638447021076017585e+00,1.000000000000000000e+00
1.754078854738148951e+00,4.110374120151104904e+01,0.000000000000000000e+00
6.009490705651172604e-01,2.228121633205034868e+01,1.000000000000000000e+00
-1.190730637465140074e+00,2.934886857143567696e+01,0.000000000000000000e+00
-1.117528665947664868e+00,2.536175562569264841e+01,0.000000000000000000e+00
1.341296321609969144e+00,1.341004940449528959e+01,0.000000000000000000e+00
-1.972441931120390901e+00,1.242274687842332881e+01,0.000000000000000000e+00
2.662221621289049267e-01,2.864862799259059400e+01,1.000000000000000000e+00
-1.145248869564998273e+00,4.386426606477049717e+01,0.000000000000000000e+00
1.767761069396622364e+00,1.309519908448379510e+01,0.000000000000000000e+00
1.770730570483929345e+00,3.989955990800292618e+00,0.000000000000000000e+00
-6.564081953232550060e-01,2.743252885945861763e+01,1.000000000000000000e+00
8.467886354160194529e-01,1.416192202530208633e+01,1.000000000000000000e+00
-1.536701673585461725e+00,8.086256686613488398e+00,0.000000000000000000e+00
-1.191094047769827080e+00,4.511622506779498565e+01,0.000000000000000000e+00
9.609114758304073689e-01,2.449104718832811756e+01,0.000000000000000000e+00
5.609473044456101398e-01,1.046685164331177198e+00,1.000000000000000000e+00
4.687612509183138876e-01,-2.425753350693299559e+00,1.000000000000000000e+00
-2.248366043159533145e-01,3.277386201765244067e+01,1.000000000000000000e+00
-3.996720511074536297e-01,5.734736203106507446e-01,1.000000000000000000e+00
1.742742691189488990e+00,2.829172125217018063e+01,0.000000000000000000e+00
-1.997092945456302893e+00,4.267437238233654284e+01,0.000000000000000000e+00
2.057829032615837939e+00,3.945354810257997258e+01,0.000000000000000000e+00
9.647316803845544797e-01,4.890299479722078679e+00,1.000000000000000000e+00
-6.403020748983976329e-01,2.833336937227106844e+01,1.000000000000000000e+00
4.339190058693391805e-01,3.333617000656821006e+01,1.000000000000000000e+00
1.698761053716186353e+00,2.361668201842388015e+00,0.000000000000000000e+00
-5.378630248219158361e-01,1.969449371809132820e+00,1.000000000000000000e+00
-1.443477637694664306e+00,3.971643222094012771e+01,0.000000000000000000e+00
3.734567927870453552e-01,1.683490990138853505e+00,1.000000000000000000e+00
1.443044325239295489e-02,1.529393541519005240e+01,1.000000000000000000e+00
1.754009876027583292e+00,4.801205283702166327e+01,0.000000000000000000e+00
-2.042015088737777706e+00,1.475834213536798956e+01,0.000000000000000000e+00
1.912875476214000781e+00,-3.693518668706897046e+00,1.000000000000000000e+00
2.039066118658423576e-01,3.380598728188321189e+01,1.000000000000000000e+00
9.102211079546611572e-01,4.580344934627696318e+01,0.000000000000000000e+00
2.212101511178095059e-01,2.146079225827173076e+01,1.000000000000000000e+00
-9.238170774772285210e-01,3.099467023097065876e+01,0.000000000000000000e+00
1.725996315659826585e+00,3.807031958751677791e+01,0.000000000000000000e+00
1.310458420242055055e+00,2.584685701403822478e+00,1.000000000000000000e+00
5.731618961204887341e-03,3.893170859167653930e+01,1.000000000000000000e+00
-2.306842073019030881e-01,4.691422597520923432e+01,0.000000000000000000e+00
7.040174704969963670e-01,3.735873990723752769e+01,0.000000000000000000e+00
-6.151313578210328981e-01,3.684299178112193829e+01,0.000000000000000000e+00
2.078008602227684243e+00,3.136114802228022747e+00,1.000000000000000000e+00
-8.260293513512191321e-01,7.037750144852274126e+00,1.000000000000000000e+00
-1.248429409944056712e+00,3.849381428760414536e+01,0.000000000000000000e+00
1.064229227015997647e+00,1.200441067838567122e+01,1.000000000000000000e+00
4.872001640393368582e-01,2.525342421617464339e+01,1.000000000000000000e+00
-1.792479972721874759e+00,2.492125912395292886e+01,0.000000000000000000e+00
-1.212700164654039403e+00,2.784448587186132684e+01,0.000000000000000000e+00
-1.253714889768487772e+00,1.701983216365605145e+01,0.000000000000000000e+00
1.648618679062385795e-02,4.805697701376611519e+01,0.000000000000000000e+00
2.981771449890104897e-01,3.258032307592560528e+01,1.000000000000000000e+00
-9.238838603724883747e-01,4.721635717830780976e+01,0.000000000000000000e+00
1.564771851406060232e+00,-3.559366125796945557e+00,1.000000000000000000e+00
-1.530845030142735652e+00,1.507477656872462646e+01,0.000000000000000000e+00
-4.774346954858026404e-01,8.387336987209444317e+00,1.000000000000000000e+00
1.453784244245112323e+00,1.854032384166840330e+01,0.000000000000000000e+00
-7.521715110196547371e-02,4.443264725834831808e+01,1.000000000000000000e+00
1.702666290886010625e+00,1.542414216503400226e+01,0.000000000000000000e+00
2.062218963384259141e+00,2.689272485863923379e+01,0.000000000000000000e+00
-8.933439699960059599e-01,3.825611029470546498e+01,0.000000000000000000e+00
-1.594682335086318625e+00,1.758005087563581093e+00,0.000000000000000000e+00
1.346367634868226748e+00,2.129592632705052502e+00,1.000000000000000000e+00
8.955474894513604234e-01,5.797921308578124489e+00,1.000000000000000000e+00
-1.040256852530363263e+00,2.247955715971095358e+01,0.000000000000000000e+00
-4.514588258513698715e-01,1.496314799840700971e+01,1.000000000000000000e+00
4.067220991987152701e-01,-1.110837259635217400e+00,1.000000000000000000e+00
1.173481834659690914e+00,1.319546913122584542e+01,0.000000000000000000e+00
-1.337239666241393454e+00,4.672424339713311525e+01,0.000000000000000000e+00
4.530362367724838357e-01,2.490952797510415095e-01,1.000000000000000000e+00
-1.665448847304648705e+00,4.235507031562377733e+01,0.000000000000000000e+00
2.057030647824084291e+00,3.517672776839188487e+01,0.000000000000000000e+00
-1.116817524616824819e+00,4.813683753896457063e+01,0.000000000000000000e+00
-1.615884986071417506e+00,3.029052234196544546e+01,0.000000000000000000e+00
1.329178064813120397e+00,2.329930858901248669e+01,0.000000000000000000e+00
-3.538312188817476223e-01,2.696537151490686846e+00,1.000000000000000000e+00
7.631643237398986201e-01,7.218357806492694984e+00,1.000000000000000000e+00
1.145933282623826877e+00,3.847213309865517239e+00,1.000000000000000000e+00
-1.055230434165234543e+00,4.597009745400707459e+01,0.000000000000000000e+00
-7.403867692165320147e-01,1.986545929015637313e+01,1.000000000000000000e+00
1.112102823248779959e+00,3.776243410852874405e+01,0.000000000000000000e+00
-2.599381539096625726e-01,3.165780374179328227e+00,1.000000000000000000e+00
-3.396285385804931334e-01,2.214947556290017161e+01,1.000000000000000000e+00
1.894358411096686012e-01,4.209874550592398634e+01,1.000000000000000000e+00
1.813211994307008190e+00,1.886289185977526017e+01,0.000000000000000000e+00
-1.299648646157639975e+00,1.469126022289746558e+01,0.000000000000000000e+00
1.192928281199785889e+00,-1.182851466718294553e+00,1.000000000000000000e+00
4.447316705621693345e-01,3.365156278188579542e+00,1.000000000000000000e+00
3.884919971133689032e-01,9.928457286026610262e+00,1.000000000000000000e+00
1.778027742189789873e+00,9.115662697122047575e+00,0.000000000000000000e+00
-2.395409633531273563e-01,1.681569568063841302e+01,1.000000000000000000e+00
6.518336641067814519e-01,2.347474939990531340e+01,1.000000000000000000e+00
1.759159956691548121e+00,1.092573037593643193e+01,0.000000000000000000e+00
9.782592749525922393e-01,2.706235785699729135e+01,0.000000000000000000e+00
1.106636236831696429e+00,6.744009212643974571e+00,1.000000000000000000e+00
-1.134804808589181313e+00,1.595507997745487216e+01,0.000000000000000000e+00
1.297586825972476543e+00,1.922125928606058132e+00,1.000000000000000000e+00
-4.093365456280317893e-01,3.323472678867209140e+01,1.000000000000000000e+00
5.621067738392628854e-01,4.290514247088959365e+01,0.000000000000000000e+00
1.705855292517395760e+00,2.994464872080423490e+01,0.000000000000000000e+00
1.217404657110782384e+00,3.025842033348273574e+01,0.000000000000000000e+00
1.613886773012181308e+00,3.650802407391698523e+01,0.000000000000000000e+00
1.660564772553910107e+00,2.470275180177705465e+01,0.000000000000000000e+00
1.820350813763994324e+00,3.551488850831468369e+01,0.000000000000000000e+00
-1.333670826400339404e-01,-3.808471577970371946e+00,1.000000000000000000e+00
1.667634178585347016e+00,3.577085180291427235e+01,0.000000000000000000e+00
1.368693960797532139e+00,3.207046463216559573e+01,0.000000000000000000e+00
2.023773084372376019e+00,1.926459563369163419e+01,0.000000000000000000e+00
1.798087875035025540e+00,4.933886961105289259e+01,0.000000000000000000e+00
1.995097626321557627e+00,3.123819956417412058e+01,0.000000000000000000e+00
-7.936633241299100305e-01,3.307794402443601456e+01,0.000000000000000000e+00
-1.141344627102621523e+00,-4.702827929354323366e+00,1.000000000000000000e+00
2.018309390825116623e+00,4.522686705187646083e+01,0.000000000000000000e+00
1.482692844291562118e-01,2.490774545248487826e+01,1.000000000000000000e+00
-2.367560698351691695e-01,4.901749029774017430e+01,0.000000000000000000e+00
-9.126437211204443400e-01,8.300954496981120201e+00,1.000000000000000000e+00
1.520453862304738113e+00,1.699833392725978953e+01,0.000000000000000000e+00
-6.118416376055701988e-02,4.879388043146222209e+00,1.000000000000000000e+00
-6.411212222605759958e-01,3.402217933138616246e+01,0.000000000000000000e+00
3.507232230111902993e-01,3.219684557615151732e+01,1.000000000000000000e+00
2.031896267916055265e+00,2.537838148740673105e+01,0.000000000000000000e+00
-1.791635999594235695e+00,3.680049826081434361e+01,0.000000000000000000e+00
8.225742207771009618e-01,3.092018385123247626e+01,0.000000000000000000e+00
1.704281771802878875e+00,8.035258043610319589e+00,0.000000000000000000e+00
-1.630790285382098581e+00,7.288630919368000782e+00,0.000000000000000000e+00
3.332748349832983514e-01,2.241859363260987337e+01,1.000000000000000000e+00
1.968749917064561927e+00,4.018867016098001699e+01,0.000000000000000000e+00
-1.601745161765701919e+00,4.153225249763935523e+01,0.000000000000000000e+00
-1.847167517918688828e+00,3.042781641257598224e+01,0.000000000000000000e+00
8.198750423782326102e-01,2.235283618967481800e+01,1.000000000000000000e+00
4.892047279041289443e-02,2.993728112713466416e+01,1.000000000000000000e+00
6.756657048169096846e-01,1.363823946065515358e+01,1.000000000000000000e+00
-2.083693156000607782e-01,1.661729450576905265e+01,1.000000000000000000e+00
-1.266048662486796150e+00,5.740138671912355939e+00,1.000000000000000000e+00
1.683935062334165345e+00,1.340290986125188510e+01,0.000000000000000000e+00
1.015787006328110476e+00,4.804371098142908636e+01,0.000000000000000000e+00
-1.767165372983691807e+00,2.603638868506947901e+01,0.000000000000000000e+00
-1.736560351276195346e+00,1.781382653748906364e-01,0.000000000000000000e+00
-1.429499590607603121e+00,-8.340876321141172944e-01,1.000000000000000000e+00
-9.232131141760930859e-01,3.330379055970049684e+00,1.000000000000000000e+00
-7.131416743857856844e-01,3.077601037997911604e+01,0.000000000000000000e+00
-1.728701871302771531e+00,4.954722522998424417e+00,0.000000000000000000e+00
-2.654379321380999635e-01,3.376859529461325060e+00,1.000000000000000000e+00
-1.671811399929312714e-02,3.963056917405416613e+01,1.000000000000000000e+00
6.670191063941905973e-01,1.260926420820523752e+00,1.000000000000000000e+00
5.946329379538406457e-01,4.760731623080540764e+00,1.000000000000000000e+00
-3.457857957730983145e-01,4.387504071207435885e+01,0.000000000000000000e+00
-1.130530431955954818e+00,3.024000793069010840e+01,0.000000000000000000e+00
1.056261115414871998e+00,1.398168855072029970e+01,1.000000000000000000e+00
-9.415597882851964862e-01,2.695180219684419676e+00,1.000000000000000000e+00
-1.733674475006526050e+00,2.707733247772630136e+01,0.000000000000000000e+00
-2.051620768411508422e-01,2.090640321797236467e+00,1.000000000000000000e+00
-1.499608666970760451e+00,2.219293535350384872e+01,0.000000000000000000e+00
-2.102384861277100114e-01,2.051734190907842503e+01,1.000000000000000000e+00
-2.787148388060263215e-01,1.522679655856908809e+01,1.000000000000000000e+00
1.242669606287900130e+00,3.451930693057508392e+01,0.000000000000000000e+00
-1.931173578969094029e+00,3.314642580767411317e+01,0.000000000000000000e+00
1.618689997562980931e+00,8.878757618505431992e+00,0.000000000000000000e+00
1.757102194104130266e+00,3.511041031371575372e+01,0.000000000000000000e+00
-1.218450731057160397e+00,1.610943652135077642e+01,0.000000000000000000e+00
7.437408935511307106e-01,1.142689516021412999e+01,1.000000000000000000e+00
2.114228903583721397e-01,-2.878846210557806096e+00,1.000000000000000000e+00
1.943384419549976094e+00,-1.714608647929036778e+00,1.000000000000000000e+00
-1.121940812644181884e+00,3.113985378889053024e+01,0.000000000000000000e+00
1.842640004624042760e+00,-4.199529142191086528e+00,1.000000000000000000e+00
1.044237662944482725e+00,3.460672167275006927e+01,0.000000000000000000e+00
1.902709877117407800e+00,-2.370671527121972488e-01,1.000000000000000000e+00
-7.453280000273896366e-01,4.818504021047856867e+01,0.000000000000000000e+00
3.736276916659613256e-01,3.468917980553338509e+01,1.000000000000000000e+00
9.631292333637251346e-01,2.824133427011199515e+01,0.000000000000000000e+00
1.000700259410787218e+00,1.320541949159657946e+00,1.000000000000000000e+00
1.304833487251229052e-01,5.225681401553367245e+00,1.000000000000000000e+00
8.368379431486534514e-01,1.276447059768886660e+01,1.000000000000000000e+00
8.433703598786146394e-01,3.757944947892531928e+01,0.000000000000000000e+00
-1.133815897071826839e+00,2.005488182890418614e+01,0.000000000000000000e+00
-1.678766771183498596e+00,2.904804070046607833e+01,0.000000000000000000e+00
7.815200657746399493e-01,1.585925140577246495e+01,1.000000000000000000e+00
-1.196613078394275220e+00,-1.107649376894034976e+00,1.000000000000000000e+00
-9.929228533087657294e-01,4.531703390210913618e+00,1.000000000000000000e+00
1.512580444467186425e-01,-4.641445022611165427e+00,1.000000000000000000e+00
1.250997983562782689e+00,1.072225589780023114e+01,0.000000000000000000e+00
2.028163440127765504e+00,3.964458856868709091e+01,0.000000000000000000e+00
-1.778375018395132567e+00,2.059027887208359431e+01,0.000000000000000000e+00
-1.229157701447178397e+00,1.947362459174832239e+01,0.000000000000000000e+00
-1.691744394512876948e+00,2.644180530598852386e+01,0.000000000000000000e+00
-7.185798556255273972e-01,3.907778633524674916e+01,0.000000000000000000e+00
-2.000006773765361956e+00,7.833768604593392304e+00,1.000000000000000000e+00
-4.680135957093436438e-01,3.671218099146029701e-01,1.000000000000000000e+00
-1.246076958866799700e+00,3.901508676017450483e+01,0.000000000000000000e+00
-1.812626263527778336e+00,2.663368935606838761e+01,0.000000000000000000e+00
-1.783064222221775630e+00,3.619627891318693003e+01,0.000000000000000000e+00
9.782830245438209893e-01,4.781386178303453960e+01,0.000000000000000000e+00
2.765952913497868870e-01,8.429993429285616457e+00,1.000000000000000000e+00
-6.807419411669781706e-01,4.397379304640243625e+00,1.000000000000000000e+00
1.719229817036972641e+00,4.549802274379343459e+01,0.000000000000000000e+00
-1.134078886626064264e+00,1.966977699021181891e+01,0.000000000000000000e+00
-1.988094260849200268e-01,-2.879661936365111696e+00,1.000000000000000000e+00
1.954567287102029205e+00,3.405260278645848615e+01,0.000000000000000000e+00
1.216121120514500831e+00,1.459084090226553698e+01,0.000000000000000000e+00
-7.154014793022129837e-01,4.514708987178627808e+01,0.000000000000000000e+00
-1.998302344424115029e+00,1.618796005697945262e+01,0.000000000000000000e+00
-1.715335840037949033e+00,4.079903698957527780e+01,0.000000000000000000e+00
8.482174096730132895e-01,4.929665677305158766e+01,0.000000000000000000e+00
8.389473000305094352e-01,2.829045782325459513e+01,0.000000000000000000e+00
4.764588098627422497e-01,2.217849798191777921e+01,1.000000000000000000e+00
-7.848668778106537847e-01,8.458942723011526610e-01,1.000000000000000000e+00
-4.688432376181159711e-01,4.101037221563986890e+01,0.000000000000000000e+00
2.817224994202010002e-01,1.169030221967427252e+01,1.000000000000000000e+00
6.664498685142650203e-02,9.080736166228460249e-01,1.000000000000000000e+00
1.829942511659382820e+00,-3.711961243539770194e+00,1.000000000000000000e+00
-1.817956850377600020e+00,6.367689021520322790e+00,0.000000000000000000e+00
-1.920042017170380477e+00,4.795368840211686035e+01,0.000000000000000000e+00
2.114681129603090959e-01,1.086766566378956256e+01,1.000000000000000000e+00
1.252198583921654507e+00,3.298028900379727446e+01,0.000000000000000000e+00
1.402360328372755482e+00,1.577068040916526570e+01,0.000000000000000000e+00
-8.757534308581249594e-01,6.234446946173286541e+00,1.000000000000000000e+00
-8.272751336363111108e-01,3.338302262503626849e+01,0.000000000000000000e+00
-1.173428670212388170e+00,2.583269505638389418e+01,0.000000000000000000e+00
-1.597450017713773596e+00,2.118985871500284546e+01,0.000000000000000000e+00
-1.382817052944560032e+00,3.844326440668599787e+01,0.000000000000000000e+00
-7.162577360397812676e-01,4.254659841009184618e+01,0.000000000000000000e+00
-1.099468984067596855e+00,3.999599932248273149e+01,0.000000000000000000e+00
-2.347890779632706426e-01,5.977847624931562187e+00,1.000000000000000000e+00
-1.949213284463655604e+00,4.620588264242719845e+01,0.000000000000000000e+00
1.787057420532137009e+00,3.785890965274428055e+01,0.000000000000000000e+00
-1.752138558816617397e+00,7.267956066036824758e+00,0.000000000000000000e+00
-8.767003867436684583e-01,8.655488395605992480e+00,1.000000000000000000e+00
1.686334833716606418e+00,4.630642141052702243e+01,0.000000000000000000e+00
-8.726790409924511938e-01,4.060041292809833635e+01,0.000000000000000000e+00
1.868142185995180782e-02,1.987633543966070704e+01,1.000000000000000000e+00
-1.791081267388309861e+00,4.910317749701315648e+01,0.000000000000000000e+00
-4.415905113394076320e-01,2.042185184644768370e+01,1.000000000000000000e+00
-5.741278940105443152e-01,-1.223619517869714901e+00,1.000000000000000000e+00
-8.130922546904955084e-01,3.754685689890111888e+01,0.000000000000000000e+00
-1.072219922396770553e+00,6.052053454441801428e+00,1.000000000000000000e+00
-1.120524040249953224e+00,9.665557064201806270e+00,1.000000000000000000e+00
6.203109760024263508e-01,3.774324597831851236e+01,0.000000000000000000e+00
1.008533024012843615e+00,-3.857328865151277153e+00,1.000000000000000000e+00
-2.010753189353301273e+00,1.563222142208366527e+00,1.000000000000000000e+00
6.923744934573106136e-02,-2.142686194392151577e+00,1.000000000000000000e+00
1.853558538798405486e+00,2.354362194872662073e+01,0.000000000000000000e+00
4.312270092873005112e-01,1.314604512704371508e+00,1.000000000000000000e+00
1.733812918486247412e+00,6.924010410079204370e+00,0.000000000000000000e+00
3.178342466134735922e-01,-2.102405344123705166e+00,1.000000000000000000e+00
-1.663901803222112008e+00,-3.818530611924746410e-01,1.000000000000000000e+00
1.876455068706861518e+00,3.546681642466757012e+01,0.000000000000000000e+00
-1.855849519475156306e+00,4.839004107126899612e+01,0.000000000000000000e+00
-5.087711988383989414e-01,2.932833419025255850e+01,1.000000000000000000e+00
-5.596912490531842366e-01,1.263350172047157827e+01,1.000000000000000000e+00
1.712157706916981326e-01,-4.334552723676694086e+00,1.000000000000000000e+00
-1.033031574130321983e+00,-3.478645881271669182e+00,1.000000000000000000e+00
7.892541041653253764e-01,2.156130926991801999e+01,1.000000000000000000e+00
-3.017734106495988389e-01,3.129122728193516068e+01,1.000000000000000000e+00
1.854262686984594843e+00,-3.277306278232268166e+00,1.000000000000000000e+00
-1.029222072855819903e+00,2.170727414060168670e+00,1.000000000000000000e+00
-1.565974909317742192e+00,2.137255022604615462e+01,0.000000000000000000e+00
1.047496880894073445e+00,2.879675290663551479e+01,0.000000000000000000e+00
-1.771798075396072703e+00,4.788199827373106388e+01,0.000000000000000000e+00
1.420919400807203026e+00,-3.610819129624102786e+00,1.000000000000000000e+00
1.516025265854349158e+00,-4.638770568565049324e+00,1.000000000000000000e+00
-1.706008269349922557e+00,2.794358702064596756e+01,0.000000000000000000e+00
-1.599391567749036014e+00,1.577628504596762404e+00,0.000000000000000000e+00
3.617861341227155414e-01,4.642496922077498311e+01,0.000000000000000000e+00
-2.063984628746150296e+00,2.335723490778477185e+01,0.000000000000000000e+00
-2.007416500857530650e+00,4.673256917129847210e+01,0.000000000000000000e+00
-4.577454728162146935e-01,1.495117035751403023e+01,1.000000000000000000e+00
1.045188965527501956e+00,2.026072803859824845e+01,0.000000000000000000e+00
1.046764319838191515e+00,2.097198358339805324e+01,0.000000000000000000e+00
-6.331894876136350270e-01,1.146750611443776435e+01,1.000000000000000000e+00
-1.761870359806226194e+00,1.454920410666123942e+01,0.000000000000000000e+00
-1.406437563292646686e+00,2.263313005567744085e+01,0.000000000000000000e+00
-3.991247911296311734e-01,3.431034241753644665e+01,1.000000000000000000e+00
1.483972097651055755e+00,4.919699992326871296e+01,0.000000000000000000e+00
6.739728111703691127e-02,1.846744637512309595e+01,1.000000000000000000e+00
-7.495598982993547654e-01,4.719237978202339434e+01,0.000000000000000000e+00
1.807136166925701115e+00,1.600370479378170430e+01,0.000000000000000000e+00
-9.439342249135760365e-01,2.420778704755150912e+01,0.000000000000000000e+00
-1.643316842308649939e+00,-2.596365036836926432e+00,1.000000000000000000e+00
-1.071107813174803303e+00,-1.890177499874443168e+00,1.000000000000000000e+00
9.479580709256669735e-01,9.744196858833443997e+00,1.000000000000000000e+00
6.815762067154436110e-01,2.669472745829891736e+01,1.000000000000000000e+00
2.074265622388599795e+00,5.905065730435231863e+00,1.000000000000000000e+00
1.048119159491758268e-01,3.136778388941320017e+01,1.000000000000000000e+00
2.039419247594799423e+00,4.449590861051167678e+01,0.000000000000000000e+00
-6.865744558284012644e-01,3.329344749870557507e+01,0.000000000000000000e+00
1.877054026837863709e+00,1.092818790173142318e+01,0.000000000000000000e+00
-1.454966649636908471e-01,4.756986322270498846e+01,0.000000000000000000e+00
-1.995542072502419328e+00,9.513228490853318675e+00,0.000000000000000000e+00
-9.694787767195234274e-01,2.915929991656308218e+01,0.000000000000000000e+00
1.989858773282955795e+00,1.483005279953336597e+01,0.000000000000000000e+00
1.799704305355160905e+00,-2.024881695736789222e+00,1.000000000000000000e+00
5.310299244191645229e-01,1.204430980089395931e+01,1.000000000000000000e+00
1.323483158829225736e+00,3.063941012922565577e+01,0.000000000000000000e+00
5.936488544614979546e-01,2.737999040662230144e+01,1.000000000000000000e+00
-1.674751399097670124e+00,2.242007569434550973e+01,0.000000000000000000e+00
5.191478594986298489e-01,1.636094243468297904e+00,1.000000000000000000e+00
-1.393237351089201548e+00,4.012180709044671545e+01,0.000000000000000000e+00
7.693879053990761996e-01,2.469987975550177950e+01,1.000000000000000000e+00
-9.610008405966226075e-01,4.607254832953510260e+01,0.000000000000000000e+00
3.088588620245360516e-01,1.835294174096664932e+01,1.000000000000000000e+00
1.684500002415423747e+00,1.491152673682222130e+01,0.000000000000000000e+00
1.183724218768902769e+00,4.599394409382056459e+00,1.000000000000000000e+00
-1.214462885053591013e-01,3.965247560898574619e+01,1.000000000000000000e+00
1.922350804961647341e+00,4.458669059894131692e+01,0.000000000000000000e+00
-5.748366651820810969e-01,2.022578366861517907e+01,1.000000000000000000e+00
1.600713716715399748e+00,2.581118670833719619e+01,0.000000000000000000e+00
-1.515830900972716444e+00,2.984672847311047761e+01,0.000000000000000000e+00
1.433068218476026612e+00,-2.832444997710261703e+00,1.000000000000000000e+00
9.728506046236162774e-02,-1.149966069899015508e-01,1.000000000000000000e+00
1.136985439267518494e+00,-1.241397757920503775e+00,1.000000000000000000e+00
1.466608189959241582e+00,1.756058227975786679e+01,0.000000000000000000e+00
-1.461181795262178840e+00,4.148462458200474146e+01,0.000000000000000000e+00
-1.559166761693048020e+00,2.457817503215320443e-02,1.000000000000000000e+00
-4.763049650099708821e-01,2.808074396027275910e+01,1.000000000000000000e+00
9.200484420282220022e-01,-1.233216613527137628e+00,1.000000000000000000e+00
-6.644354795755886833e-01,8.726836694370593506e+00,1.000000000000000000e+00
-4.484931655514516891e-01,2.038226038867831491e+01,1.000000000000000000e+00
9.653441970443790154e-01,4.245617884724473612e+01,0.000000000000000000e+00
-2.070807163784801563e+00,2.652995149971566846e+01,0.000000000000000000e+00
-1.466051673118446974e+00,1.496514206601505137e+01,0.000000000000000000e+00
-6.242134367332192735e-01,1.580954725004838934e+01,1.000000000000000000e+00
-9.315207602569681722e-01,2.590079265471151615e+01,0.000000000000000000e+00
-9.485315960786435685e-01,4.644812390875221553e+01,0.000000000000000000e+00
2.500904951383184915e-01,2.828930213041209996e+01,1.000000000000000000e+00
-2.659169066890860744e-01,3.774414594493423891e+01,1.000000000000000000e+00
-1.596665183854626413e-01,2.804385333091370391e+00,1.000000000000000000e+00
-1.377185969551262268e+00,6.311970886571686812e+00,0.000000000000000000e+00
4.975356236650654296e-01,7.310465025683256179e+00,1.000000000000000000e+00
-1.441132884838665529e+00,1.267430263475563734e+01,0.000000000000000000e+00
-2.038192666626991834e+00,4.265363363661837326e+01,0.000000000000000000e+00
-1.126982918327451788e+00,7.397132077516409332e+00,1.000000000000000000e+00
6.324779987570208206e-01,3.379913522036292584e+00,1.000000000000000000e+00
9.637745843627372189e-01,3.553489401739565068e+01,0.000000000000000000e+00
-7.631389031248818622e-01,5.805713420864166530e+00,1.000000000000000000e+00
8.084680426946393439e-01,3.243235538922622396e+01,0.000000000000000000e+00
-2.067278487153137778e+00,8.100351222564608378e+00,1.000000000000000000e+00
-6.293573745250069518e-01,4.725712239121597946e+01,0.000000000000000000e+00
-5.565829702276525737e-02,9.680999253549437356e+00,1.000000000000000000e+00
6.354787015458387422e-01,2.336981992956318166e+01,1.000000000000000000e+00
-6.998014145537916342e-01,3.468812140086075146e+01,0.000000000000000000e+00
-1.760913989727379558e+00,4.180269229058873037e+01,0.000000000000000000e+00
7.445820146311397103e-01,3.609069260267408907e+01,0.000000000000000000e+00
8.918943343183882710e-01,7.243598816193860479e+00,1.000000000000000000e+00
-1.909171039816113691e+00,1.655831202149174430e+01,0.000000000000000000e+00
-1.806608709943244850e+00,1.934387094332029378e+00,0.000000000000000000e+00
-1.056906409846273931e+00,8.132023011219274622e+00,1.000000000000000000e+00
-1.175609175781116011e-01,2.539022356726453467e+01,1.000000000000000000e+00
1.584127249990471054e+00,4.706733442639526999e+01,0.000000000000000000e+00
-1.335696204221822558e+00,2.873584099735161246e+01,0.000000000000000000e+00
2.522663214525948661e-01,2.180935682329710446e+01,1.000000000000000000e+00
1.132222138905776276e-01,1.884753105833162934e+01,1.000000000000000000e+00
-1.702951731194147555e+00,-3.905182346294683526e+00,1.000000000000000000e+00
1.934517869840925997e-01,1.062614024376922117e+01,1.000000000000000000e+00
8.679113615372435753e-01,9.452451601767419831e-01,1.000000000000000000e+00
-4.307458443844458529e-02,1.925710389179193172e+01,1.000000000000000000e+00
1.436958171656095296e-01,2.220589617752500189e+01,1.000000000000000000e+00
9.774517247262748398e-01,4.760761939619797545e-01,1.000000000000000000e+00
3.753382182749596119e-01,1.815073704305763158e+01,1.000000000000000000e+00
-6.376664102113775989e-01,3.141752651291739440e+01,1.000000000000000000e+00
-1.841402976079080878e+00,2.406191753914425391e+01,0.000000000000000000e+00
8.972801967674657320e-01,1.633879272965639018e+01,1.000000000000000000e+00
1.969315508524470459e+00,1.241799925954109796e+01,0.000000000000000000e+00
-4.284599892864626725e-02,4.716907325431041187e+01,0.000000000000000000e+00
1.842199337773301693e+00,-2.703407892666902512e+00,1.000000000000000000e+00
-1.135689397795147659e+00,5.718581197966641660e+00,1.000000000000000000e+00
9.849148417699300495e-01,6.226529010831455047e+00,1.000000000000000000e+00
6.911814990386933033e-01,1.853731910012640682e+01,1.000000000000000000e+00
-4.774398964468906659e-01,1.726585425762201353e+01,1.000000000000000000e+00
7.088159564982605687e-01,3.009040252951712446e+01,0.000000000000000000e+00
-1.885707171524666048e+00,3.921580176101083026e+01,0.000000000000000000e+00
-1.340064164034343808e+00,3.292081833715803185e+01,0.000000000000000000e+00
2.031105992425739082e+00,-7.674660959568120333e-01,1.000000000000000000e+00
9.037512991763949621e-01,8.266162703195938377e-01,1.000000000000000000e+00
1.509239259065431771e+00,3.374191454988660865e+01,0.000000000000000000e+00
4.244565228508969668e-01,3.085188322148658457e+01,1.000000000000000000e+00
1.679784029300360526e+00,3.893563957849828228e+01,0.000000000000000000e+00
-1.906009620844510533e+00,2.276304426355814670e+01,0.000000000000000000e+00
4.545888249333902564e-01,8.191265917590474288e+00,1.000000000000000000e+00
3.590762832967144824e-01,1.205955216908808225e+01,1.000000000000000000e+00
-1.395432638272265713e+00,3.578166115050222373e+01,0.000000000000000000e+00
-1.414628407490177153e+00,4.479443683129611742e+01,0.000000000000000000e+00
-9.161196949239474030e-01,2.321224814926677382e+01,0.000000000000000000e+00
2.972781703607583204e-01,2.415227012714877830e+01,1.000000000000000000e+00
4.464315695682912200e-01,1.290476128891163654e+01,1.000000000000000000e+00
-1.520550888928304811e+00,-3.989641037535882617e-01,1.000000000000000000e+00
1.953637811017354231e+00,4.901386296218278460e+01,0.000000000000000000e+00
1.360088402412540809e+00,2.407083986703268508e+01,0.000000000000000000e+00
-1.962783831163466219e+00,4.301913825411283199e+01,0.000000000000000000e+00
-1.162571133246641963e+00,-2.854508620660820117e+00,1.000000000000000000e+00
6.309068682194687305e-01,4.472940380695790452e+01,0.000000000000000000e+00
-3.324287240495178430e-01,4.383491766089561992e+01,0.000000000000000000e+00
-1.025722934871498015e+00,4.490351458318212252e+01,0.000000000000000000e+00
4.326483938722680556e-01,1.209561530519011896e+01,1.000000000000000000e+00
1.930742915891927147e+00,-2.687487155726298038e+00,1.000000000000000000e+00
-1.436924022120025679e+00,3.244780516887841060e+01,0.000000000000000000e+00
8.257827065550573664e-01,-3.512857447303684211e+00,1.000000000000000000e+00
-5.833901638493488306e-02,1.044667758712601469e+01,1.000000000000000000e+00
-6.177831280216472543e-01,4.269229408144612137e+01,0.000000000000000000e+00
-5.297260371571876902e-02,2.730362622228061653e+01,1.000000000000000000e+00
1.561543962405691488e+00,3.867197251911801459e+01,0.000000000000000000e+00
-6.122511696735342124e-01,3.091173164694753339e+01,1.000000000000000000e+00
-1.761486504047086177e+00,1.851747233455721542e+01,0.000000000000000000e+00
-1.851536770307873114e+00,4.734935796803561203e+01,0.000000000000000000e+00
-2.045498774768719219e+00,3.148596540423390522e+01,0.000000000000000000e+00
-1.672604583430088443e+00,4.210744076678246017e+01,0.000000000000000000e+00
1.978526561728811473e+00,1.841255450497358126e+01,0.000000000000000000e+00
-1.604137060121685110e+00,4.500434266707648590e+01,0.000000000000000000e+00
-1.377518638892547109e+00,-4.209315519660299820e+00,1.000000000000000000e+00
-1.624782927133187949e+00,4.335859430407209913e+01,0.000000000000000000e+00
-7.859482554514307662e-01,1.083816793444301041e+01,1.000000000000000000e+00
-5.222533427968714115e-01,4.324435847896720730e+01,0.000000000000000000e+00
-6.297392966222083999e-01,2.710013037883935283e+01,1.000000000000000000e+00
-1.711460582501788785e+00,1.698437002554018704e+01,0.000000000000000000e+00
-1.860054675550186332e+00,3.110056878494221522e+01,0.000000000000000000e+00
-1.702291277019236215e+00,3.946541994888546867e+01,0.000000000000000000e+00
2.007160754648072754e+00,2.146298715106945565e+01,0.000000000000000000e+00
-1.906358393298173137e-01,3.734376909685956747e+01,1.000000000000000000e+00
4.962451804879961514e-01,3.023699241287902950e+01,1.000000000000000000e+00
-1.964841358723703024e+00,5.800942939160880663e+00,1.000000000000000000e+00
9.224098235786528655e-01,2.649805451989490379e+01,0.000000000000000000e+00
1.597614732206807719e+00,3.322871903547451922e+01,0.000000000000000000e+00
-1.700672520623951689e+00,4.834298315394201495e+01,0.000000000000000000e+00
5.999490367081290465e-01,3.374514052741665182e+01,1.000000000000000000e+00
-1.633123088548920077e+00,2.262731704750057915e+01,0.000000000000000000e+00
-1.530215899686069303e+00,4.848631355917286356e+01,0.000000000000000000e+00
1.701469333318752941e+00,2.900354192755004945e+01,0.000000000000000000e+00
1.713910910897618045e+00,4.155563032673158119e+01,0.000000000000000000e+00
-2.672765043240332705e-01,7.459731363781926028e+00,1.000000000000000000e+00
1.800897014235641524e+00,1.821075804575105650e+00,0.000000000000000000e+00
2.043297319307255222e+00,4.464591429285260915e+01,0.000000000000000000e+00
-8.080509448674169093e-01,4.066838483249861724e+01,0.000000000000000000e+00
5.955211642762612279e-01,5.170523115207445564e+00,1.000000000000000000e+00
1.947286178041726323e+00,2.111304594514872690e+01,0.000000000000000000e+00
-7.616129612722415398e-01,3.297410147608156450e+01,0.000000000000000000e+00
2.166391379303251874e-01,1.892399081170566788e+01,1.000000000000000000e+00
-1.972832992997924473e+00,4.809305142173217718e+01,0.000000000000000000e+00
1.081334884953975006e+00,1.346765390684486619e+01,1.000000000000000000e+00
-1.815090375404284417e+00,7.246583959699800737e+00,0.000000000000000000e+00
1.766217168517920211e+00,-2.644970668030998340e+00,1.000000000000000000e+00
-7.030846348487358455e-01,3.628255010725562357e+01,0.000000000000000000e+00
-2.019079996753330164e+00,8.570939807118691078e+00,1.000000000000000000e+00
-1.212921433506372715e+00,2.213896699012233071e+01,0.000000000000000000e+00
1.062431996479900942e+00,9.384904024032664438e+00,1.000000000000000000e+00
-2.540818160877860166e-01,4.587084213632640939e+01,0.000000000000000000e+00
-1.378651248061140144e+00,-1.612725070671026995e+00,1.000000000000000000e+00
1.250098871615537011e+00,2.200810433155777446e+01,0.000000000000000000e+00
-5.501430643463174341e-01,2.794000056397086595e+01,1.000000000000000000e+00
3.154250186409646162e-01,3.431395129651894393e+01,1.000000000000000000e+00
1.804947880458061871e+00,3.281818945508020136e+01,0.000000000000000000e+00
-1.226022626816307248e+00,4.311986621488738791e+01,0.000000000000000000e+00
-1.424078122741994079e-01,4.100800384788585440e+00,1.000000000000000000e+00
4.257838033466940786e-01,3.219755419579884403e+01,1.000000000000000000e+00
2.144443820561474645e-01,1.153973741946579779e+01,1.000000000000000000e+00
1.213956771120021205e+00,3.827344002280285196e+01,0.000000000000000000e+00
-5.057110777203042140e-01,4.232823152586027504e+01,0.000000000000000000e+00
-1.564269861929267424e+00,2.834467521311240645e+01,0.000000000000000000e+00
-1.273374520202985138e+00,2.339702737663210286e+01,0.000000000000000000e+00
1.400962445853525473e+00,-1.723587460501629920e-02,1.000000000000000000e+00
1.791182855415192954e+00,9.821644714015796751e+00,0.000000000000000000e+00
7.703314597293267063e-01,3.469374297031328780e+01,0.000000000000000000e+00
-1.628603342102544094e+00,1.334368548998473969e+01,0.000000000000000000e+00
2.017189189626234835e+00,4.267905734188234135e+01,0.000000000000000000e+00
-9.860712413694132650e-01,3.195621537867971895e+01,0.000000000000000000e+00
-9.408964804031156870e-01,3.593217829782164330e+01,0.000000000000000000e+00
1.242070528840943044e+00,4.100752071688902589e+01,0.000000000000000000e+00
1.298756075375842922e+00,4.264118241458599812e+01,0.000000000000000000e+00
-4.933505006570821916e-01,1.779223492927247818e+01,1.000000000000000000e+00
-6.382564210699777085e-01,3.767210676659512103e+01,0.000000000000000000e+00
-2.540783613549650877e-01,2.661106966381137440e+01,1.000000000000000000e+00
-3.753825079147374844e-01,3.951276545139781859e+01,1.000000000000000000e+00
-3.299153054804104812e-03,2.482004219730675132e+01,1.000000000000000000e+00
1.264840356606701910e+00,3.456064723605115319e+01,0.000000000000000000e+00
7.315336286635738539e-01,4.635750208957843199e+01,0.000000000000000000e+00
-5.250601381197654849e-01,4.231707229605668807e+00,1.000000000000000000e+00
6.823145667804748626e-01,2.899359694104717633e+01,1.000000000000000000e+00
-1.508956869675295298e+00,7.694800951175619907e+00,0.000000000000000000e+00
1.167225227279388378e+00,-2.096961915067236504e+00,1.000000000000000000e+00
2.011176418645948871e+00,2.752567478623919683e+01,0.000000000000000000e+00
1.117821339500244981e+00,2.376556782996214423e+01,0.000000000000000000e+00
-1.702375602794690135e-01,2.885529950495807228e+01,1.000000000000000000e+00
-5.078732180553569009e-01,2.651861598563586142e+01,1.000000000000000000e+00
1.242168395835999473e+00,3.802802915120410887e+01,0.000000000000000000e+00
1.682131894311782450e+00,4.884253522852337426e+01,0.000000000000000000e+00
-1.650354861469867318e+00,3.987703416780152565e+01,0.000000000000000000e+00
6.089304277463170045e-01,1.466029819997906358e+01,1.000000000000000000e+00
1.331466782554923345e+00,3.224139049491873266e+01,0.000000000000000000e+00
1.087442991068704234e+00,3.507062380372934740e+01,0.000000000000000000e+00
1.255763529366964448e+00,3.995515092212863806e+01,0.000000000000000000e+00
7.724085427530522630e-01,4.577158812493382811e+01,0.000000000000000000e+00
1.648752241135752694e+00,3.753298949419939845e+01,0.000000000000000000e+00
-1.951524307392303204e+00,3.282772759976194976e+01,0.000000000000000000e+00
-1.877282797289255623e+00,4.588233308284306133e+01,0.000000000000000000e+00
-1.555680549714693495e+00,3.955802306052012085e+01,0.000000000000000000e+00
-1.644506686104462601e+00,9.826153349628619083e-02,0.000000000000000000e+00
-1.708772738268655722e+00,6.451865151653305652e+00,0.000000000000000000e+00
-1.042850749338529948e+00,2.808754551868834781e+01,0.000000000000000000e+00
-1.678303601109410348e+00,4.289870306920708920e+00,0.000000000000000000e+00
1.759517937863579018e+00,4.462418048025803330e+01,0.000000000000000000e+00
1.436749594342048741e+00,4.773569058709922075e+01,0.000000000000000000e+00
-2.627681027247548151e-01,2.338382159041730546e+01,1.000000000000000000e+00
-1.561829596821097565e+00,3.137420720628079707e+01,0.000000000000000000e+00
-1.403009283794620199e+00,4.013182713477670660e+01,0.000000000000000000e+00
1.017195588467284750e+00,4.759015493106463879e+01,0.000000000000000000e+00
-2.833131773357422389e-02,4.757198242728538418e+01,0.000000000000000000e+00
2.996044071956931454e-01,6.006585568484717363e+00,1.000000000000000000e+00
-1.672076998979264095e+00,-2.601353024042179829e+00,1.000000000000000000e+00
7.182216646178574138e-02,1.548692346127290875e+01,1.000000000000000000e+00
-1.295699395035471158e+00,8.809414098903403101e+00,0.000000000000000000e+00
7.254314146855809220e-01,3.024403834647324985e+01,0.000000000000000000e+00
3.083716609584192803e-01,6.099414997973052088e+00,1.000000000000000000e+00
1.810238624772058547e+00,4.705078249054567863e+01,0.000000000000000000e+00
-6.818189401636332025e-01,4.479218042837501201e+01,0.000000000000000000e+00
-1.389011450400442715e+00,1.702880070272043511e+01,0.000000000000000000e+00
6.106306655583324527e-01,3.761831752522595451e+01,0.000000000000000000e+00
-1.163371496673014871e+00,3.579818605341313287e+01,0.000000000000000000e+00
-1.171311374778582159e+00,4.724329581713197257e+01,0.000000000000000000e+00
1.053260491106527752e+00,3.576536107607665116e+01,0.000000000000000000e+00
1.850446258497986385e+00,2.916028024747012992e+01,0.000000000000000000e+00
-1.448784423619104089e+00,1.730628244452071485e+01,0.000000000000000000e+00
-9.925650444083595758e-01,-4.214396267573046195e+00,1.000000000000000000e+00
6.936322479033596444e-01,3.711847803628684517e+01,0.000000000000000000e+00
1.813317532566891987e+00,1.062384328800510858e+01,0.000000000000000000e+00
1.252778019198734771e+00,4.353413602130939353e+01,0.000000000000000000e+00
-1.436196110528596970e+00,4.046213870950492009e+01,0.000000000000000000e+00
6.445795422736098068e-01,2.809573566061908778e+01,1.000000000000000000e+00
-8.377595967664288601e-01,2.327108099203759828e+00,1.000000000000000000e+00
-1.879472744094990988e+00,1.474310910973863287e+01,0.000000000000000000e+00
1.310846829125936086e+00,7.093749601578891451e+00,0.000000000000000000e+00
-1.655791773982675519e-01,2.183972597744323352e+01,1.000000000000000000e+00
8.712028446094066680e-02,1.895245819979963642e+01,1.000000000000000000e+00
3.469160034902354361e-01,1.513751103210079307e+01,1.000000000000000000e+00
1.536822412366332546e+00,1.992139116852370506e+01,0.000000000000000000e+00
-1.690528884509741259e+00,2.095330209016425371e+01,0.000000000000000000e+00
-7.651029033589713535e-01,2.917058704652744083e+01,0.000000000000000000e+00
-1.515921001462315232e+00,1.069698493512315096e+01,0.000000000000000000e+00
-3.734704701892832546e-02,2.400449822000558697e+01,1.000000000000000000e+00
-5.328558145833846016e-01,2.254667999682600765e+01,1.000000000000000000e+00
-1.572111034860039336e+00,8.201113129522543232e+00,0.000000000000000000e+00
1.986243708865328195e+00,-2.520414706616592060e+00,1.000000000000000000e+00
7.396734441215353506e-01,4.796009886520732124e+01,0.000000000000000000e+00
-1.625631263347583788e+00,3.342129750225832652e+01,0.000000000000000000e+00
-7.051494751531433014e-01,3.120863816344697383e+01,0.000000000000000000e+00
1.224100764150937160e+00,1.451026538880525862e+01,0.000000000000000000e+00
9.142856903629992260e-01,4.786812567923995232e+01,0.000000000000000000e+00
-1.389986827079471521e+00,1.630105100170906596e+01,0.000000000000000000e+00
2.059366772333315332e+00,1.602669969147316209e+01,0.000000000000000000e+00
-1.993174779876925040e-01,-3.568313233988762434e+00,1.000000000000000000e+00
4.801505055693811030e-02,3.626190397908664664e+01,1.000000000000000000e+00
-7.346720854864052797e-02,6.081899127811662531e+00,1.000000000000000000e+00
-1.889293338470826811e+00,1.380576989092544338e+01,0.000000000000000000e+00
1.656003308126347662e+00,2.268159615618070646e+01,0.000000000000000000e+00
-1.586135030536306223e+00,1.507919909834849648e+01,0.000000000000000000e+00
-8.739868561632297972e-01,4.438528809631343819e+01,0.000000000000000000e+00
-1.025714077961866089e+00,2.294767150965531144e+01,0.000000000000000000e+00
-1.985093387087174976e+00,6.857083841978618644e+00,1.000000000000000000e+00
2.069201630917403278e+00,1.851823483262168679e+01,0.000000000000000000e+00
5.209009989941568719e-01,8.470338556200587732e+00,1.000000000000000000e+00
1.713345258919960479e+00,3.738110366392822215e+01,0.000000000000000000e+00
-2.833046819552578199e-01,3.772580599920207334e+01,1.000000000000000000e+00
-5.087484996174080898e-01,-1.028468168983279973e+00,1.000000000000000000e+00
-1.085684791325934206e+00,3.794303029795501203e+01,0.000000000000000000e+00
-1.127455901322516274e+00,-3.286186184157547707e+00,1.000000000000000000e+00
1.595744385923955289e+00,1.134977819319713532e+01,0.000000000000000000e+00
-1.303463715025188652e+00,3.628422214997288897e+00,1.000000000000000000e+00
-6.484348208252512791e-01,2.518177874018547513e+01,1.000000000000000000e+00
5.554846255241141506e-01,5.368626437941400376e+00,1.000000000000000000e+00
1.594452094314757318e+00,2.075686566557332924e+01,0.000000000000000000e+00
-7.533816155798984671e-01,1.776870044585474062e+01,1.000000000000000000e+00
-1.622698532643442881e+00,-1.353298558295559673e+00,1.000000000000000000e+00
-3.600311121541410753e-01,2.810233282367635965e+01,1.000000000000000000e+00
-1.187028802381057790e+00,1.003123178372535662e+01,1.000000000000000000e+00
1.515168757512395548e+00,3.589072990142502562e+01,0.000000000000000000e+00
-9.386663499708294278e-01,1.479743916390157565e+01,1.000000000000000000e+00
-1.753986433913617526e+00,1.487195405464247244e+01,0.000000000000000000e+00
-1.011485514075008307e+00,2.971737041729621964e+01,0.000000000000000000e+00
-1.043054498759592885e+00,-3.790052483175838205e+00,1.000000000000000000e+00
1.050358165154322787e+00,-3.404591224567035113e+00,1.000000000000000000e+00
-1.581153134730779453e+00,3.029315857425521230e+00,0.000000000000000000e+00
3.313991953643875554e-01,2.236420866034646338e+01,1.000000000000000000e+00
9.884580388922201699e-01,3.852796656106110618e+01,0.000000000000000000e+00
1.214339508223793995e+00,5.000868851821524963e+00,1.000000000000000000e+00
-5.699067179844545805e-01,1.456193984075482462e+01,1.000000000000000000e+00
-1.725846534606899851e+00,4.737217499584410518e+01,0.000000000000000000e+00
9.587834923238913731e-02,1.406291076647759652e+00,1.000000000000000000e+00
1.642236951471674811e+00,5.649332550665472574e+00,0.000000000000000000e+00
2.398641946156860882e-01,3.747893293947750237e+01,1.000000000000000000e+00
-1.663753262189449078e-01,9.165534231465176873e+00,1.000000000000000000e+00
3.132755501173125623e-01,4.223207424299462787e+01,0.000000000000000000e+00
-2.012921987550116754e+00,1.778073985150162351e+00,1.000000000000000000e+00
6.257462200680197206e-01,4.911093744092660529e+01,0.000000000000000000e+00
9.169392873358890306e-01,1.644911026514444430e+00,1.000000000000000000e+00
1.392331172962089081e+00,7.469067814105842196e+00,0.000000000000000000e+00
-1.445544020327517831e+00,2.658627293707901629e+01,0.000000000000000000e+00
-7.917387569910228073e-02,4.692803518492957693e+01,0.000000000000000000e+00
-2.027599264354658537e+00,1.359728435756216669e+01,0.000000000000000000e+00
8.182577068883816196e-01,2.003399361357730868e+01,1.000000000000000000e+00
3.716455930473685498e-01,3.381459580848228796e+01,1.000000000000000000e+00
3.545457254781885226e-01,3.178685549131524013e+01,1.000000000000000000e+00
-6.115737951564603758e-01,1.578438940731220796e+01,1.000000000000000000e+00
1.037586273847209029e+00,6.913667588354925009e+00,1.000000000000000000e+00
